[1766986853] → SEND (22 bytes): 50 00 00 00 01 00 00 0B 00 00 04 00 01 04 A8 00 64 00 00 00 01 00
[1766986856] ← TIMEOUT (0 bytes): 
[1767927930] → SEND (21 bytes): 50 00 00 FF FF 03 00 0A 00 00 00 01 04 00 00 A8 64 00 00 01 00
[1767927933] ← TIMEOUT (0 bytes): 
[1767927938] → SEND (21 bytes): 50 00 00 FF FF 03 00 0A 00 00 00 01 04 00 00 A8 64 00 00 01 00
[1767927941] ← TIMEOUT (0 bytes): 
[1767927941] → SEND (21 bytes): 50 00 00 FF FF 03 00 0A 00 00 00 01 04 00 00 A8 64 00 00 01 00
[1767927944] ← TIMEOUT (0 bytes): 
[1767927944] → SEND (21 bytes): 50 00 00 FF FF 03 00 0A 00 00 00 01 04 00 00 A8 64 00 00 01 00
[1767927947] ← TIMEOUT (0 bytes): 
[1767927947] → SEND (21 bytes): 50 00 00 FF FF 03 00 0A 00 00 00 01 04 00 00 A8 64 00 00 01 00
[1767927950] ← TIMEOUT (0 bytes): 
[1767927950] → SEND (21 bytes): 50 00 00 FF FF 03 00 0A 00 00 00 01 04 00 00 A8 64 00 00 01 00
[1767927953] ← TIMEOUT (0 bytes): 
[1767927953] → SEND (21 bytes): 50 00 00 FF FF 03 00 0A 00 00 00 01 04 00 00 A8 64 00 00 01 00
[1767927956] ← TIMEOUT (0 bytes): 
[1767927956] → SEND (21 bytes): 50 00 00 FF FF 03 00 0A 00 00 00 01 04 00 00 A8 64 00 00 01 00
[1767927959] ← TIMEOUT (0 bytes): 
[1767927959] → SEND (21 bytes): 50 00 00 FF FF 03 00 0A 00 00 00 01 04 00 00 A8 64 00 00 01 00
[1767927962] ← TIMEOUT (0 bytes): 
[1767927962] → SEND (21 bytes): 50 00 00 FF FF 03 00 0A 00 00 00 01 04 00 00 A8 64 00 00 01 00
[1767927965] ← TIMEOUT (0 bytes): 
[1767927965] → SEND (21 bytes): 50 00 00 FF FF 03 00 0A 00 00 00 01 04 00 00 A8 64 00 00 01 00
[1767927968] ← TIMEOUT (0 bytes): 
[1767927968] → SEND (21 bytes): 50 00 00 FF FF 03 00 0A 00 00 00 01 04 00 00 A8 64 00 00 01 00
[1767927971] ← TIMEOUT (0 bytes): 
[1767927972] → SEND (21 bytes): 50 00 00 FF FF 03 00 0A 00 00 00 01 04 00 00 A8 64 00 00 01 00
[1767927975] ← TIMEOUT (0 bytes): 
[1767927975] → SEND (21 bytes): 50 00 00 FF FF 03 00 0A 00 00 00 01 04 00 00 A8 64 00 00 01 00
[1767927978] ← TIMEOUT (0 bytes): 
[1767927978] → SEND (21 bytes): 50 00 00 FF FF 03 00 0A 00 00 00 01 04 00 00 A8 64 00 00 01 00
[1767927981] ← TIMEOUT (0 bytes): 
[1767927981] → SEND (21 bytes): 50 00 00 FF FF 03 00 0A 00 00 00 01 04 00 00 A8 64 00 00 01 00
[1767927984] ← TIMEOUT (0 bytes): 
[1767927984] → SEND (21 bytes): 50 00 00 FF FF 03 00 0A 00 00 00 01 04 00 00 A8 64 00 00 01 00
[1767927987] ← TIMEOUT (0 bytes): 
[1767927987] → SEND (21 bytes): 50 00 00 FF FF 03 00 0A 00 00 00 01 04 00 00 A8 64 00 00 01 00
[1767927990] ← TIMEOUT (0 bytes): 
[1767927990] → SEND (21 bytes): 50 00 00 FF FF 03 00 0A 00 00 00 01 04 00 00 A8 64 00 00 01 00
[1767927993] ← TIMEOUT (0 bytes): 
[1767927993] → SEND (21 bytes): 50 00 00 FF FF 03 00 0A 00 00 00 01 04 00 00 A8 64 00 00 01 00
[1767927996] ← TIMEOUT (0 bytes): 
[1767927996] → SEND (21 bytes): 50 00 00 FF FF 03 00 0A 00 00 00 01 04 00 00 A8 64 00 00 01 00
[1767927999] ← TIMEOUT (0 bytes): 
[1767927999] → SEND (21 bytes): 50 00 00 FF FF 03 00 0A 00 00 00 01 04 00 00 A8 64 00 00 01 00
[1767928002] ← TIMEOUT (0 bytes): 
[1767928002] → SEND (21 bytes): 50 00 00 FF FF 03 00 0A 00 00 00 01 04 00 00 A8 64 00 00 01 00
[1767928005] ← TIMEOUT (0 bytes): 
[1767928005] → SEND (21 bytes): 50 00 00 FF FF 03 00 0A 00 00 00 01 04 00 00 A8 64 00 00 01 00
[1767928008] ← TIMEOUT (0 bytes): 
[1767928008] → SEND (21 bytes): 50 00 00 FF FF 03 00 0A 00 00 00 01 04 00 00 A8 64 00 00 01 00
[1767928011] ← TIMEOUT (0 bytes): 
[1767928011] → SEND (21 bytes): 50 00 00 FF FF 03 00 0A 00 00 00 01 04 00 00 A8 64 00 00 01 00
[1767928014] ← TIMEOUT (0 bytes): 
[1767928014] → SEND (21 bytes): 50 00 00 FF FF 03 00 0A 00 00 00 01 04 00 00 A8 64 00 00 01 00
[1767928043] → SEND (21 bytes): 50 00 00 FF FF 03 00 0A 00 00 00 01 04 00 00 A8 78 00 00 01 00
[1767928046] ← TIMEOUT (0 bytes): 
[1767928046] → SEND (21 bytes): 50 00 00 FF FF 03 00 0A 00 00 00 01 04 00 00 A8 78 00 00 01 00
[1767928049] ← TIMEOUT (0 bytes): 
[1767928049] → SEND (21 bytes): 50 00 00 FF FF 03 00 0A 00 00 00 01 04 00 00 A8 78 00 00 01 00
[1767928052] ← TIMEOUT (0 bytes): 
[1767928052] → SEND (21 bytes): 50 00 00 FF FF 03 00 0A 00 00 00 01 04 00 00 A8 78 00 00 01 00
[1767928055] ← TIMEOUT (0 bytes): 
[1767928055] → SEND (21 bytes): 50 00 00 FF FF 03 00 0A 00 00 00 01 04 00 00 A8 78 00 00 01 00
[1767928058] ← TIMEOUT (0 bytes): 
[1767928058] → SEND (21 bytes): 50 00 00 FF FF 03 00 0A 00 00 00 01 04 00 00 A8 78 00 00 01 00
[1767928061] ← TIMEOUT (0 bytes): 
[1767928061] → SEND (21 bytes): 50 00 00 FF FF 03 00 0A 00 00 00 01 04 00 00 A8 78 00 00 01 00
[1767928064] ← TIMEOUT (0 bytes): 
[1767928064] → SEND (21 bytes): 50 00 00 FF FF 03 00 0A 00 00 00 01 04 00 00 A8 78 00 00 01 00
[1767928067] ← TIMEOUT (0 bytes): 
[1767928067] → SEND (21 bytes): 50 00 00 FF FF 03 00 0A 00 00 00 01 04 00 00 A8 78 00 00 01 00
[1767928070] ← TIMEOUT (0 bytes): 
[1767928070] → SEND (21 bytes): 50 00 00 FF FF 03 00 0A 00 00 00 01 04 00 00 A8 78 00 00 01 00
[1767928073] ← TIMEOUT (0 bytes): 
[1767928073] → SEND (21 bytes): 50 00 00 FF FF 03 00 0A 00 00 00 01 04 00 00 A8 78 00 00 01 00
[1767928076] ← TIMEOUT (0 bytes): 
[1767928076] → SEND (21 bytes): 50 00 00 FF FF 03 00 0A 00 00 00 01 04 00 00 A8 78 00 00 01 00
[1767928079] ← TIMEOUT (0 bytes): 
[1767928079] → SEND (21 bytes): 50 00 00 FF FF 03 00 0A 00 00 00 01 04 00 00 A8 78 00 00 01 00
[1767928082] ← TIMEOUT (0 bytes): 
[1767928082] → SEND (21 bytes): 50 00 00 FF FF 03 00 0A 00 00 00 01 04 00 00 A8 78 00 00 01 00
[1767928085] ← TIMEOUT (0 bytes): 
[1767928085] → SEND (21 bytes): 50 00 00 FF FF 03 00 0A 00 00 00 01 04 00 00 A8 78 00 00 01 00
[1767928088] ← TIMEOUT (0 bytes): 
[1767928088] → SEND (21 bytes): 50 00 00 FF FF 03 00 0A 00 00 00 01 04 00 00 A8 78 00 00 01 00
[1767928091] ← TIMEOUT (0 bytes): 
[1767928092] → SEND (21 bytes): 50 00 00 FF FF 03 00 0A 00 00 00 01 04 00 00 A8 78 00 00 01 00
[1767928095] ← TIMEOUT (0 bytes): 
[1767928095] → SEND (21 bytes): 50 00 00 FF FF 03 00 0A 00 00 00 01 04 00 00 A8 78 00 00 01 00
[1767928098] ← TIMEOUT (0 bytes): 
[1767928098] → SEND (21 bytes): 50 00 00 FF FF 03 00 0A 00 00 00 01 04 00 00 A8 78 00 00 01 00
[1767928101] ← TIMEOUT (0 bytes): 
[1767928101] → SEND (21 bytes): 50 00 00 FF FF 03 00 0A 00 00 00 01 04 00 00 A8 78 00 00 01 00
[1767928104] ← TIMEOUT (0 bytes): 
[1767928104] → SEND (21 bytes): 50 00 00 FF FF 03 00 0A 00 00 00 01 04 00 00 A8 78 00 00 01 00
[1767928107] ← TIMEOUT (0 bytes): 
[1767928107] → SEND (21 bytes): 50 00 00 FF FF 03 00 0A 00 00 00 01 04 00 00 A8 78 00 00 01 00
[1767928110] ← TIMEOUT (0 bytes): 
[1767928110] → SEND (21 bytes): 50 00 00 FF FF 03 00 0A 00 00 00 01 04 00 00 A8 78 00 00 01 00
[1767928113] ← TIMEOUT (0 bytes): 
[1767928113] → SEND (21 bytes): 50 00 00 FF FF 03 00 0A 00 00 00 01 04 00 00 A8 78 00 00 01 00
[1767928116] ← TIMEOUT (0 bytes): 
[1767928116] → SEND (21 bytes): 50 00 00 FF FF 03 00 0A 00 00 00 01 04 00 00 A8 78 00 00 01 00
[1767928119] ← TIMEOUT (0 bytes): 
[1767928119] → SEND (21 bytes): 50 00 00 FF FF 03 00 0A 00 00 00 01 04 00 00 A8 78 00 00 01 00
[1767928122] ← TIMEOUT (0 bytes): 
[1767928122] → SEND (21 bytes): 50 00 00 FF FF 03 00 0A 00 00 00 01 04 00 00 A8 78 00 00 01 00
[1767928125] ← TIMEOUT (0 bytes): 
[1767928125] → SEND (21 bytes): 50 00 00 FF FF 03 00 0A 00 00 00 01 04 00 00 A8 78 00 00 01 00
[1767928128] ← TIMEOUT (0 bytes): 
[1767928128] → SEND (21 bytes): 50 00 00 FF FF 03 00 0A 00 00 00 01 04 00 00 A8 78 00 00 01 00
[1767928131] ← TIMEOUT (0 bytes): 
[1767928131] → SEND (21 bytes): 50 00 00 FF FF 03 00 0A 00 00 00 01 04 00 00 A8 78 00 00 01 00
[1767928134] ← TIMEOUT (0 bytes): 
[1767928134] → SEND (21 bytes): 50 00 00 FF FF 03 00 0A 00 00 00 01 04 00 00 A8 78 00 00 01 00
[1767928137] ← TIMEOUT (0 bytes): 
[1767928137] → SEND (21 bytes): 50 00 00 FF FF 03 00 0A 00 00 00 01 04 00 00 A8 78 00 00 01 00
[1767928140] ← TIMEOUT (0 bytes): 
[1767928140] → SEND (21 bytes): 50 00 00 FF FF 03 00 0A 00 00 00 01 04 00 00 A8 78 00 00 01 00
[1767928143] ← TIMEOUT (0 bytes): 
[1767928143] → SEND (21 bytes): 50 00 00 FF FF 03 00 0A 00 00 00 01 04 00 00 A8 78 00 00 01 00
[1767928146] ← TIMEOUT (0 bytes): 
[1767928147] → SEND (21 bytes): 50 00 00 FF FF 03 00 0A 00 00 00 01 04 00 00 A8 78 00 00 01 00
[1767928150] ← TIMEOUT (0 bytes): 
[1767928150] → SEND (21 bytes): 50 00 00 FF FF 03 00 0A 00 00 00 01 04 00 00 A8 78 00 00 01 00
[1767928153] ← TIMEOUT (0 bytes): 
[1767928153] → SEND (21 bytes): 50 00 00 FF FF 03 00 0A 00 00 00 01 04 00 00 A8 78 00 00 01 00
[1767928156] ← TIMEOUT (0 bytes): 
[1767928156] → SEND (21 bytes): 50 00 00 FF FF 03 00 0A 00 00 00 01 04 00 00 A8 78 00 00 01 00
[1767928159] ← TIMEOUT (0 bytes): 
[1767928159] → SEND (21 bytes): 50 00 00 FF FF 03 00 0A 00 00 00 01 04 00 00 A8 78 00 00 01 00
[1767928162] ← TIMEOUT (0 bytes): 
[1767928162] → SEND (21 bytes): 50 00 00 FF FF 03 00 0A 00 00 00 01 04 00 00 A8 78 00 00 01 00
[1767928165] ← TIMEOUT (0 bytes): 
[1767928165] → SEND (21 bytes): 50 00 00 FF FF 03 00 0A 00 00 00 01 04 00 00 A8 78 00 00 01 00
[1767928168] ← TIMEOUT (0 bytes): 
[1767928168] → SEND (21 bytes): 50 00 00 FF FF 03 00 0A 00 00 00 01 04 00 00 A8 78 00 00 01 00
[1767928171] ← TIMEOUT (0 bytes): 
[1767928171] → SEND (21 bytes): 50 00 00 FF FF 03 00 0A 00 00 00 01 04 00 00 A8 78 00 00 01 00
[1767928174] ← TIMEOUT (0 bytes): 
[1767928174] → SEND (21 bytes): 50 00 00 FF FF 03 00 0A 00 00 00 01 04 00 00 A8 78 00 00 01 00
[1767928177] ← TIMEOUT (0 bytes): 
[1767928177] → SEND (21 bytes): 50 00 00 FF FF 03 00 0A 00 00 00 01 04 00 00 A8 78 00 00 01 00
[1767928180] ← TIMEOUT (0 bytes): 
[1767928180] → SEND (21 bytes): 50 00 00 FF FF 03 00 0A 00 00 00 01 04 00 00 A8 78 00 00 01 00
[1767928183] ← TIMEOUT (0 bytes): 
[1767928183] → SEND (21 bytes): 50 00 00 FF FF 03 00 0A 00 00 00 01 04 00 00 A8 78 00 00 01 00
[1767928186] ← TIMEOUT (0 bytes): 
[1767928186] → SEND (21 bytes): 50 00 00 FF FF 03 00 0A 00 00 00 01 04 00 00 A8 78 00 00 01 00
[1767928189] ← TIMEOUT (0 bytes): 
[1767928189] → SEND (21 bytes): 50 00 00 FF FF 03 00 0A 00 00 00 01 04 00 00 A8 78 00 00 01 00
[1767928192] ← TIMEOUT (0 bytes): 
[1767928192] → SEND (21 bytes): 50 00 00 FF FF 03 00 0A 00 00 00 01 04 00 00 A8 78 00 00 01 00
[1767928195] ← TIMEOUT (0 bytes): 
[1767928195] → SEND (21 bytes): 50 00 00 FF FF 03 00 0A 00 00 00 01 04 00 00 A8 78 00 00 01 00
[1767928198] ← TIMEOUT (0 bytes): 
[1767928198] → SEND (21 bytes): 50 00 00 FF FF 03 00 0A 00 00 00 01 04 00 00 A8 78 00 00 01 00
[1767928201] ← TIMEOUT (0 bytes): 
[1767928201] → SEND (21 bytes): 50 00 00 FF FF 03 00 0A 00 00 00 01 04 00 00 A8 78 00 00 01 00
[1767928204] ← TIMEOUT (0 bytes): 
[1767928204] → SEND (21 bytes): 50 00 00 FF FF 03 00 0A 00 00 00 01 04 00 00 A8 78 00 00 01 00
[1767928207] ← TIMEOUT (0 bytes): 
[1767928208] → SEND (21 bytes): 50 00 00 FF FF 03 00 0A 00 00 00 01 04 00 00 A8 78 00 00 01 00
[1767928211] ← TIMEOUT (0 bytes): 
[1767928211] → SEND (21 bytes): 50 00 00 FF FF 03 00 0A 00 00 00 01 04 00 00 A8 78 00 00 01 00
[1767928214] ← TIMEOUT (0 bytes): 
[1767928214] → SEND (21 bytes): 50 00 00 FF FF 03 00 0A 00 00 00 01 04 00 00 A8 78 00 00 01 00
[1767928217] ← TIMEOUT (0 bytes): 
[1767928217] → SEND (21 bytes): 50 00 00 FF FF 03 00 0A 00 00 00 01 04 00 00 A8 78 00 00 01 00
[1767928220] ← TIMEOUT (0 bytes): 
[1767928220] → SEND (21 bytes): 50 00 00 FF FF 03 00 0A 00 00 00 01 04 00 00 A8 78 00 00 01 00
[1767928223] ← TIMEOUT (0 bytes): 
[1767928223] → SEND (21 bytes): 50 00 00 FF FF 03 00 0A 00 00 00 01 04 00 00 A8 78 00 00 01 00
[1767928226] ← TIMEOUT (0 bytes): 
[1767928226] → SEND (21 bytes): 50 00 00 FF FF 03 00 0A 00 00 00 01 04 00 00 A8 78 00 00 01 00
[1767928229] ← TIMEOUT (0 bytes): 
[1767928229] → SEND (21 bytes): 50 00 00 FF FF 03 00 0A 00 00 00 01 04 00 00 A8 78 00 00 01 00
[1767928232] ← TIMEOUT (0 bytes): 
[1767928232] → SEND (21 bytes): 50 00 00 FF FF 03 00 0A 00 00 00 01 04 00 00 A8 78 00 00 01 00
[1767928235] ← TIMEOUT (0 bytes): 
[1767928235] → SEND (21 bytes): 50 00 00 FF FF 03 00 0A 00 00 00 01 04 00 00 A8 78 00 00 01 00
[1767928238] ← TIMEOUT (0 bytes): 
[1767928238] → SEND (21 bytes): 50 00 00 FF FF 03 00 0A 00 00 00 01 04 00 00 A8 78 00 00 01 00
[1767928241] ← TIMEOUT (0 bytes): 
[1767928241] → SEND (21 bytes): 50 00 00 FF FF 03 00 0A 00 00 00 01 04 00 00 A8 78 00 00 01 00
[1767928244] ← TIMEOUT (0 bytes): 
[1767928244] → SEND (21 bytes): 50 00 00 FF FF 03 00 0A 00 00 00 01 04 00 00 A8 78 00 00 01 00
[1767928247] ← TIMEOUT (0 bytes): 
[1767928247] → SEND (21 bytes): 50 00 00 FF FF 03 00 0A 00 00 00 01 04 00 00 A8 78 00 00 01 00
[1767928250] ← TIMEOUT (0 bytes): 
[1767928250] → SEND (21 bytes): 50 00 00 FF FF 03 00 0A 00 00 00 01 04 00 00 A8 78 00 00 01 00
[1767928253] ← TIMEOUT (0 bytes): 
[1767928253] → SEND (21 bytes): 50 00 00 FF FF 03 00 0A 00 00 00 01 04 00 00 A8 78 00 00 01 00
[1767928256] ← TIMEOUT (0 bytes): 
[1767928256] → SEND (21 bytes): 50 00 00 FF FF 03 00 0A 00 00 00 01 04 00 00 A8 78 00 00 01 00
[1767928259] ← TIMEOUT (0 bytes): 
[1767928259] → SEND (21 bytes): 50 00 00 FF FF 03 00 0A 00 00 00 01 04 00 00 A8 78 00 00 01 00
[1767928262] ← TIMEOUT (0 bytes): 
[1767928262] → SEND (21 bytes): 50 00 00 FF FF 03 00 0A 00 00 00 01 04 00 00 A8 78 00 00 01 00
[1767928265] ← TIMEOUT (0 bytes): 
[1767928266] → SEND (21 bytes): 50 00 00 FF FF 03 00 0A 00 00 00 01 04 00 00 A8 78 00 00 01 00
[1767928269] ← TIMEOUT (0 bytes): 
[1767928269] → SEND (21 bytes): 50 00 00 FF FF 03 00 0A 00 00 00 01 04 00 00 A8 78 00 00 01 00
[1767928272] ← TIMEOUT (0 bytes): 
[1767928272] → SEND (21 bytes): 50 00 00 FF FF 03 00 0A 00 00 00 01 04 00 00 A8 78 00 00 01 00
[1767928275] ← TIMEOUT (0 bytes): 
[1767928275] → SEND (21 bytes): 50 00 00 FF FF 03 00 0A 00 00 00 01 04 00 00 A8 78 00 00 01 00
[1767928278] ← TIMEOUT (0 bytes): 
[1767928278] → SEND (21 bytes): 50 00 00 FF FF 03 00 0A 00 00 00 01 04 00 00 A8 78 00 00 01 00
[1767928281] ← TIMEOUT (0 bytes): 
[1767928281] → SEND (21 bytes): 50 00 00 FF FF 03 00 0A 00 00 00 01 04 00 00 A8 78 00 00 01 00
[1767928284] ← TIMEOUT (0 bytes): 
[1767928284] → SEND (21 bytes): 50 00 00 FF FF 03 00 0A 00 00 00 01 04 00 00 A8 78 00 00 01 00
[1767928287] ← TIMEOUT (0 bytes): 
[1767928287] → SEND (21 bytes): 50 00 00 FF FF 03 00 0A 00 00 00 01 04 00 00 A8 78 00 00 01 00
[1767928290] ← TIMEOUT (0 bytes): 
[1767928290] → SEND (21 bytes): 50 00 00 FF FF 03 00 0A 00 00 00 01 04 00 00 A8 78 00 00 01 00
[1767928293] ← TIMEOUT (0 bytes): 
[1767928293] → SEND (21 bytes): 50 00 00 FF FF 03 00 0A 00 00 00 01 04 00 00 A8 78 00 00 01 00
[1767928296] ← TIMEOUT (0 bytes): 
[1767928296] → SEND (21 bytes): 50 00 00 FF FF 03 00 0A 00 00 00 01 04 00 00 A8 78 00 00 01 00
[1767928299] ← TIMEOUT (0 bytes): 
[1767928299] → SEND (21 bytes): 50 00 00 FF FF 03 00 0A 00 00 00 01 04 00 00 A8 78 00 00 01 00
[1767928302] ← TIMEOUT (0 bytes): 
[1767928302] → SEND (21 bytes): 50 00 00 FF FF 03 00 0A 00 00 00 01 04 00 00 A8 78 00 00 01 00
[1767928305] ← TIMEOUT (0 bytes): 
[1767928305] → SEND (21 bytes): 50 00 00 FF FF 03 00 0A 00 00 00 01 04 00 00 A8 78 00 00 01 00
[1767928308] ← TIMEOUT (0 bytes): 
[1767928308] → SEND (21 bytes): 50 00 00 FF FF 03 00 0A 00 00 00 01 04 00 00 A8 78 00 00 01 00
[1767928311] ← TIMEOUT (0 bytes): 
[1767928311] → SEND (21 bytes): 50 00 00 FF FF 03 00 0A 00 00 00 01 04 00 00 A8 78 00 00 01 00
[1767928314] ← TIMEOUT (0 bytes): 
[1767928314] → SEND (21 bytes): 50 00 00 FF FF 03 00 0A 00 00 00 01 04 00 00 A8 78 00 00 01 00
[1767928317] ← TIMEOUT (0 bytes): 
[1767928317] → SEND (21 bytes): 50 00 00 FF FF 03 00 0A 00 00 00 01 04 00 00 A8 78 00 00 01 00
[1767928320] ← TIMEOUT (0 bytes): 
[1767928320] → SEND (21 bytes): 50 00 00 FF FF 03 00 0A 00 00 00 01 04 00 00 A8 78 00 00 01 00
[1767928323] ← TIMEOUT (0 bytes): 
[1767928323] → SEND (21 bytes): 50 00 00 FF FF 03 00 0A 00 00 00 01 04 00 00 A8 78 00 00 01 00
[1767928326] ← TIMEOUT (0 bytes): 
[1767928327] → SEND (21 bytes): 50 00 00 FF FF 03 00 0A 00 00 00 01 04 00 00 A8 78 00 00 01 00
[1767928330] ← TIMEOUT (0 bytes): 
[1767928330] → SEND (21 bytes): 50 00 00 FF FF 03 00 0A 00 00 00 01 04 00 00 A8 78 00 00 01 00
[1767928333] ← TIMEOUT (0 bytes): 
[1767928333] → SEND (21 bytes): 50 00 00 FF FF 03 00 0A 00 00 00 01 04 00 00 A8 78 00 00 01 00
[1767928336] ← TIMEOUT (0 bytes): 
[1767928336] → SEND (21 bytes): 50 00 00 FF FF 03 00 0A 00 00 00 01 04 00 00 A8 78 00 00 01 00
[1767928339] ← TIMEOUT (0 bytes): 
[1767928339] → SEND (21 bytes): 50 00 00 FF FF 03 00 0A 00 00 00 01 04 00 00 A8 78 00 00 01 00
[1767928342] ← TIMEOUT (0 bytes): 
[1767928342] → SEND (21 bytes): 50 00 00 FF FF 03 00 0A 00 00 00 01 04 00 00 A8 78 00 00 01 00
[1767928345] ← TIMEOUT (0 bytes): 
[1767928345] → SEND (21 bytes): 50 00 00 FF FF 03 00 0A 00 00 00 01 04 00 00 A8 78 00 00 01 00
[1767928348] ← TIMEOUT (0 bytes): 
[1767928348] → SEND (21 bytes): 50 00 00 FF FF 03 00 0A 00 00 00 01 04 00 00 A8 78 00 00 01 00
[1767928351] ← TIMEOUT (0 bytes): 
[1767928351] → SEND (21 bytes): 50 00 00 FF FF 03 00 0A 00 00 00 01 04 00 00 A8 78 00 00 01 00
[1767928354] ← TIMEOUT (0 bytes): 
[1767928354] → SEND (21 bytes): 50 00 00 FF FF 03 00 0A 00 00 00 01 04 00 00 A8 78 00 00 01 00
[1767928357] ← TIMEOUT (0 bytes): 
[1767928357] → SEND (21 bytes): 50 00 00 FF FF 03 00 0A 00 00 00 01 04 00 00 A8 78 00 00 01 00
[1767928360] ← TIMEOUT (0 bytes): 
[1767928360] → SEND (21 bytes): 50 00 00 FF FF 03 00 0A 00 00 00 01 04 00 00 A8 78 00 00 01 00
[1767928363] ← TIMEOUT (0 bytes): 
[1767928363] → SEND (21 bytes): 50 00 00 FF FF 03 00 0A 00 00 00 01 04 00 00 A8 78 00 00 01 00
[1767928366] ← TIMEOUT (0 bytes): 
[1767928366] → SEND (21 bytes): 50 00 00 FF FF 03 00 0A 00 00 00 01 04 00 00 A8 78 00 00 01 00
[1767928369] ← TIMEOUT (0 bytes): 
[1767928369] → SEND (21 bytes): 50 00 00 FF FF 03 00 0A 00 00 00 01 04 00 00 A8 78 00 00 01 00
[1767928372] ← TIMEOUT (0 bytes): 
[1767928372] → SEND (21 bytes): 50 00 00 FF FF 03 00 0A 00 00 00 01 04 00 00 A8 78 00 00 01 00
[1767928375] ← TIMEOUT (0 bytes): 
[1767928375] → SEND (21 bytes): 50 00 00 FF FF 03 00 0A 00 00 00 01 04 00 00 A8 78 00 00 01 00
[1767928378] ← TIMEOUT (0 bytes): 
[1767928378] → SEND (21 bytes): 50 00 00 FF FF 03 00 0A 00 00 00 01 04 00 00 A8 78 00 00 01 00
[1767928381] ← TIMEOUT (0 bytes): 
[1767928381] → SEND (21 bytes): 50 00 00 FF FF 03 00 0A 00 00 00 01 04 00 00 A8 78 00 00 01 00
[1767928384] ← TIMEOUT (0 bytes): 
[1767928384] → SEND (21 bytes): 50 00 00 FF FF 03 00 0A 00 00 00 01 04 00 00 A8 78 00 00 01 00
[1767928387] ← TIMEOUT (0 bytes): 
[1767928388] → SEND (21 bytes): 50 00 00 FF FF 03 00 0A 00 00 00 01 04 00 00 A8 78 00 00 01 00
[1767928391] ← TIMEOUT (0 bytes): 
[1767928391] → SEND (21 bytes): 50 00 00 FF FF 03 00 0A 00 00 00 01 04 00 00 A8 78 00 00 01 00
[1767928394] ← TIMEOUT (0 bytes): 
[1767928394] → SEND (21 bytes): 50 00 00 FF FF 03 00 0A 00 00 00 01 04 00 00 A8 78 00 00 01 00
[1767928397] ← TIMEOUT (0 bytes): 
[1767928397] → SEND (21 bytes): 50 00 00 FF FF 03 00 0A 00 00 00 01 04 00 00 A8 78 00 00 01 00
[1767928400] ← TIMEOUT (0 bytes): 
[1767928400] → SEND (21 bytes): 50 00 00 FF FF 03 00 0A 00 00 00 01 04 00 00 A8 78 00 00 01 00
[1767928403] ← TIMEOUT (0 bytes): 
[1767928403] → SEND (21 bytes): 50 00 00 FF FF 03 00 0A 00 00 00 01 04 00 00 A8 78 00 00 01 00
[1767928406] ← TIMEOUT (0 bytes): 
[1767928406] → SEND (21 bytes): 50 00 00 FF FF 03 00 0A 00 00 00 01 04 00 00 A8 78 00 00 01 00
[1767928409] ← TIMEOUT (0 bytes): 
[1767928409] → SEND (21 bytes): 50 00 00 FF FF 03 00 0A 00 00 00 01 04 00 00 A8 78 00 00 01 00
[1767928412] ← TIMEOUT (0 bytes): 
[1767928412] → SEND (21 bytes): 50 00 00 FF FF 03 00 0A 00 00 00 01 04 00 00 A8 78 00 00 01 00
[1767928415] ← TIMEOUT (0 bytes): 
[1767928415] → SEND (21 bytes): 50 00 00 FF FF 03 00 0A 00 00 00 01 04 00 00 A8 78 00 00 01 00
[1767928418] ← TIMEOUT (0 bytes): 
[1767928418] → SEND (21 bytes): 50 00 00 FF FF 03 00 0A 00 00 00 01 04 00 00 A8 78 00 00 01 00
[1767928421] ← TIMEOUT (0 bytes): 
[1767928421] → SEND (21 bytes): 50 00 00 FF FF 03 00 0A 00 00 00 01 04 00 00 A8 78 00 00 01 00
[1767928424] ← TIMEOUT (0 bytes): 
[1767928424] → SEND (21 bytes): 50 00 00 FF FF 03 00 0A 00 00 00 01 04 00 00 A8 78 00 00 01 00
[1767928427] ← TIMEOUT (0 bytes): 
[1767928427] → SEND (21 bytes): 50 00 00 FF FF 03 00 0A 00 00 00 01 04 00 00 A8 78 00 00 01 00
[1767928430] ← TIMEOUT (0 bytes): 
[1767928430] → SEND (21 bytes): 50 00 00 FF FF 03 00 0A 00 00 00 01 04 00 00 A8 78 00 00 01 00
[1767928433] ← TIMEOUT (0 bytes): 
[1767928433] → SEND (21 bytes): 50 00 00 FF FF 03 00 0A 00 00 00 01 04 00 00 A8 78 00 00 01 00
[1767928436] ← TIMEOUT (0 bytes): 
[1767928436] → SEND (21 bytes): 50 00 00 FF FF 03 00 0A 00 00 00 01 04 00 00 A8 78 00 00 01 00
[1767928439] ← TIMEOUT (0 bytes): 
[1767928439] → SEND (21 bytes): 50 00 00 FF FF 03 00 0A 00 00 00 01 04 00 00 A8 78 00 00 01 00
[1767928442] ← TIMEOUT (0 bytes): 
[1767928442] → SEND (21 bytes): 50 00 00 FF FF 03 00 0A 00 00 00 01 04 00 00 A8 78 00 00 01 00
[1767928445] ← TIMEOUT (0 bytes): 
[1767928445] → SEND (21 bytes): 50 00 00 FF FF 03 00 0A 00 00 00 01 04 00 00 A8 78 00 00 01 00
[1767928448] ← TIMEOUT (0 bytes): 
[1767928448] → SEND (21 bytes): 50 00 00 FF FF 03 00 0A 00 00 00 01 04 00 00 A8 78 00 00 01 00
[1767928451] ← TIMEOUT (0 bytes): 
[1767928451] → SEND (21 bytes): 50 00 00 FF FF 03 00 0A 00 00 00 01 04 00 00 A8 78 00 00 01 00
[1767928454] ← TIMEOUT (0 bytes): 
[1767928454] → SEND (21 bytes): 50 00 00 FF FF 03 00 0A 00 00 00 01 04 00 00 A8 78 00 00 01 00
[1767928457] ← TIMEOUT (0 bytes): 
[1767928457] → SEND (21 bytes): 50 00 00 FF FF 03 00 0A 00 00 00 01 04 00 00 A8 78 00 00 01 00
[1767928460] ← TIMEOUT (0 bytes): 
[1767928461] → SEND (21 bytes): 50 00 00 FF FF 03 00 0A 00 00 00 01 04 00 00 A8 78 00 00 01 00
[1767928464] ← TIMEOUT (0 bytes): 
[1767928464] → SEND (21 bytes): 50 00 00 FF FF 03 00 0A 00 00 00 01 04 00 00 A8 78 00 00 01 00
[1767928467] ← TIMEOUT (0 bytes): 
[1767928467] → SEND (21 bytes): 50 00 00 FF FF 03 00 0A 00 00 00 01 04 00 00 A8 78 00 00 01 00
[1767928470] ← TIMEOUT (0 bytes): 
[1767928470] → SEND (21 bytes): 50 00 00 FF FF 03 00 0A 00 00 00 01 04 00 00 A8 78 00 00 01 00
[1767928473] ← TIMEOUT (0 bytes): 
[1767928473] → SEND (21 bytes): 50 00 00 FF FF 03 00 0A 00 00 00 01 04 00 00 A8 78 00 00 01 00
[1767928476] ← TIMEOUT (0 bytes): 
[1767928476] → SEND (21 bytes): 50 00 00 FF FF 03 00 0A 00 00 00 01 04 00 00 A8 78 00 00 01 00
[1767928479] ← TIMEOUT (0 bytes): 
[1767928479] → SEND (21 bytes): 50 00 00 FF FF 03 00 0A 00 00 00 01 04 00 00 A8 78 00 00 01 00
[1767928482] ← TIMEOUT (0 bytes): 
[1767928482] → SEND (21 bytes): 50 00 00 FF FF 03 00 0A 00 00 00 01 04 00 00 A8 78 00 00 01 00
[1767928485] ← TIMEOUT (0 bytes): 
[1767928485] → SEND (21 bytes): 50 00 00 FF FF 03 00 0A 00 00 00 01 04 00 00 A8 78 00 00 01 00
[1767928488] ← TIMEOUT (0 bytes): 
[1767928488] → SEND (21 bytes): 50 00 00 FF FF 03 00 0A 00 00 00 01 04 00 00 A8 78 00 00 01 00
[1767928491] ← TIMEOUT (0 bytes): 
[1767928491] → SEND (21 bytes): 50 00 00 FF FF 03 00 0A 00 00 00 01 04 00 00 A8 78 00 00 01 00
[1767928494] ← TIMEOUT (0 bytes): 
[1767928494] → SEND (21 bytes): 50 00 00 FF FF 03 00 0A 00 00 00 01 04 00 00 A8 78 00 00 01 00
[1767928497] ← TIMEOUT (0 bytes): 
[1767928497] → SEND (21 bytes): 50 00 00 FF FF 03 00 0A 00 00 00 01 04 00 00 A8 78 00 00 01 00
[1767928500] ← TIMEOUT (0 bytes): 
[1767928500] → SEND (21 bytes): 50 00 00 FF FF 03 00 0A 00 00 00 01 04 00 00 A8 78 00 00 01 00
[1767928503] ← TIMEOUT (0 bytes): 
[1767928503] → SEND (21 bytes): 50 00 00 FF FF 03 00 0A 00 00 00 01 04 00 00 A8 78 00 00 01 00
[1767928506] ← TIMEOUT (0 bytes): 
[1767928506] → SEND (21 bytes): 50 00 00 FF FF 03 00 0A 00 00 00 01 04 00 00 A8 78 00 00 01 00
[1767928509] ← TIMEOUT (0 bytes): 
[1767928509] → SEND (21 bytes): 50 00 00 FF FF 03 00 0A 00 00 00 01 04 00 00 A8 78 00 00 01 00
[1767928512] ← TIMEOUT (0 bytes): 
[1767928512] → SEND (21 bytes): 50 00 00 FF FF 03 00 0A 00 00 00 01 04 00 00 A8 78 00 00 01 00
[1767928515] ← TIMEOUT (0 bytes): 
[1767928515] → SEND (21 bytes): 50 00 00 FF FF 03 00 0A 00 00 00 01 04 00 00 A8 78 00 00 01 00
[1767928518] ← TIMEOUT (0 bytes): 
[1767928519] → SEND (21 bytes): 50 00 00 FF FF 03 00 0A 00 00 00 01 04 00 00 A8 78 00 00 01 00
[1767928522] ← TIMEOUT (0 bytes): 
[1767928522] → SEND (21 bytes): 50 00 00 FF FF 03 00 0A 00 00 00 01 04 00 00 A8 78 00 00 01 00
[1767928525] ← TIMEOUT (0 bytes): 
[1767928525] → SEND (21 bytes): 50 00 00 FF FF 03 00 0A 00 00 00 01 04 00 00 A8 78 00 00 01 00
[1767928528] ← TIMEOUT (0 bytes): 
[1767928528] → SEND (21 bytes): 50 00 00 FF FF 03 00 0A 00 00 00 01 04 00 00 A8 78 00 00 01 00
[1767928531] ← TIMEOUT (0 bytes): 
[1767928531] → SEND (21 bytes): 50 00 00 FF FF 03 00 0A 00 00 00 01 04 00 00 A8 78 00 00 01 00
[1767928534] ← TIMEOUT (0 bytes): 
[1767928534] → SEND (21 bytes): 50 00 00 FF FF 03 00 0A 00 00 00 01 04 00 00 A8 78 00 00 01 00
[1767928537] ← TIMEOUT (0 bytes): 
[1767928537] → SEND (21 bytes): 50 00 00 FF FF 03 00 0A 00 00 00 01 04 00 00 A8 78 00 00 01 00
[1767928540] ← TIMEOUT (0 bytes): 
[1767928540] → SEND (21 bytes): 50 00 00 FF FF 03 00 0A 00 00 00 01 04 00 00 A8 78 00 00 01 00
[1767928543] ← TIMEOUT (0 bytes): 
[1767928543] → SEND (21 bytes): 50 00 00 FF FF 03 00 0A 00 00 00 01 04 00 00 A8 78 00 00 01 00
[1767928546] ← TIMEOUT (0 bytes): 
[1767928546] → SEND (21 bytes): 50 00 00 FF FF 03 00 0A 00 00 00 01 04 00 00 A8 78 00 00 01 00
[1767928549] ← TIMEOUT (0 bytes): 
[1767928549] → SEND (21 bytes): 50 00 00 FF FF 03 00 0A 00 00 00 01 04 00 00 A8 78 00 00 01 00
[1767928552] ← TIMEOUT (0 bytes): 
[1767928552] → SEND (21 bytes): 50 00 00 FF FF 03 00 0A 00 00 00 01 04 00 00 A8 78 00 00 01 00
[1767928555] ← TIMEOUT (0 bytes): 
[1767928555] → SEND (21 bytes): 50 00 00 FF FF 03 00 0A 00 00 00 01 04 00 00 A8 78 00 00 01 00
[1767928558] ← TIMEOUT (0 bytes): 
[1767928558] → SEND (21 bytes): 50 00 00 FF FF 03 00 0A 00 00 00 01 04 00 00 A8 78 00 00 01 00
[1767928561] ← TIMEOUT (0 bytes): 
[1767928561] → SEND (21 bytes): 50 00 00 FF FF 03 00 0A 00 00 00 01 04 00 00 A8 78 00 00 01 00
[1767928564] ← TIMEOUT (0 bytes): 
[1767928564] → SEND (21 bytes): 50 00 00 FF FF 03 00 0A 00 00 00 01 04 00 00 A8 78 00 00 01 00
[1767928567] ← TIMEOUT (0 bytes): 
[1767928567] → SEND (21 bytes): 50 00 00 FF FF 03 00 0A 00 00 00 01 04 00 00 A8 78 00 00 01 00
[1767928570] ← TIMEOUT (0 bytes): 
[1767928570] → SEND (21 bytes): 50 00 00 FF FF 03 00 0A 00 00 00 01 04 00 00 A8 78 00 00 01 00
[1767928573] ← TIMEOUT (0 bytes): 
[1767928573] → SEND (21 bytes): 50 00 00 FF FF 03 00 0A 00 00 00 01 04 00 00 A8 78 00 00 01 00
[1767928576] ← TIMEOUT (0 bytes): 
[1767928576] → SEND (21 bytes): 50 00 00 FF FF 03 00 0A 00 00 00 01 04 00 00 A8 78 00 00 01 00
[1767928579] ← TIMEOUT (0 bytes): 
[1767928579] → SEND (21 bytes): 50 00 00 FF FF 03 00 0A 00 00 00 01 04 00 00 A8 78 00 00 01 00
[1767928582] ← TIMEOUT (0 bytes): 
[1767928582] → SEND (21 bytes): 50 00 00 FF FF 03 00 0A 00 00 00 01 04 00 00 A8 78 00 00 01 00
[1767928585] ← TIMEOUT (0 bytes): 
[1767928585] → SEND (21 bytes): 50 00 00 FF FF 03 00 0A 00 00 00 01 04 00 00 A8 78 00 00 01 00
[1767928588] ← TIMEOUT (0 bytes): 
[1767928588] → SEND (21 bytes): 50 00 00 FF FF 03 00 0A 00 00 00 01 04 00 00 A8 78 00 00 01 00
[1767928591] ← TIMEOUT (0 bytes): 
[1767928592] → SEND (21 bytes): 50 00 00 FF FF 03 00 0A 00 00 00 01 04 00 00 A8 78 00 00 01 00
[1767928595] ← TIMEOUT (0 bytes): 
[1767928595] → SEND (21 bytes): 50 00 00 FF FF 03 00 0A 00 00 00 01 04 00 00 A8 78 00 00 01 00
[1767928598] ← TIMEOUT (0 bytes): 
[1767928598] → SEND (21 bytes): 50 00 00 FF FF 03 00 0A 00 00 00 01 04 00 00 A8 78 00 00 01 00
[1767928601] ← TIMEOUT (0 bytes): 
[1767928601] → SEND (21 bytes): 50 00 00 FF FF 03 00 0A 00 00 00 01 04 00 00 A8 78 00 00 01 00
[1767928604] ← TIMEOUT (0 bytes): 
[1767928604] → SEND (21 bytes): 50 00 00 FF FF 03 00 0A 00 00 00 01 04 00 00 A8 78 00 00 01 00
[1767928607] ← TIMEOUT (0 bytes): 
[1767928607] → SEND (21 bytes): 50 00 00 FF FF 03 00 0A 00 00 00 01 04 00 00 A8 78 00 00 01 00
[1767928610] ← TIMEOUT (0 bytes): 
[1767928610] → SEND (21 bytes): 50 00 00 FF FF 03 00 0A 00 00 00 01 04 00 00 A8 78 00 00 01 00
[1767928613] ← TIMEOUT (0 bytes): 
[1767928613] → SEND (21 bytes): 50 00 00 FF FF 03 00 0A 00 00 00 01 04 00 00 A8 78 00 00 01 00
[1767928616] ← TIMEOUT (0 bytes): 
[1767928616] → SEND (21 bytes): 50 00 00 FF FF 03 00 0A 00 00 00 01 04 00 00 A8 78 00 00 01 00
[1767928619] ← TIMEOUT (0 bytes): 
[1767928619] → SEND (21 bytes): 50 00 00 FF FF 03 00 0A 00 00 00 01 04 00 00 A8 78 00 00 01 00
[1767928622] ← TIMEOUT (0 bytes): 
[1767928622] → SEND (21 bytes): 50 00 00 FF FF 03 00 0A 00 00 00 01 04 00 00 A8 78 00 00 01 00
[1767928625] ← TIMEOUT (0 bytes): 
[1767928625] → SEND (21 bytes): 50 00 00 FF FF 03 00 0A 00 00 00 01 04 00 00 A8 78 00 00 01 00
[1767928628] ← TIMEOUT (0 bytes): 
[1767928628] → SEND (21 bytes): 50 00 00 FF FF 03 00 0A 00 00 00 01 04 00 00 A8 78 00 00 01 00
[1767928631] ← TIMEOUT (0 bytes): 
[1767928631] → SEND (21 bytes): 50 00 00 FF FF 03 00 0A 00 00 00 01 04 00 00 A8 78 00 00 01 00
[1767928634] ← TIMEOUT (0 bytes): 
[1767928634] → SEND (21 bytes): 50 00 00 FF FF 03 00 0A 00 00 00 01 04 00 00 A8 78 00 00 01 00
[1767928637] ← TIMEOUT (0 bytes): 
[1767928637] → SEND (21 bytes): 50 00 00 FF FF 03 00 0A 00 00 00 01 04 00 00 A8 78 00 00 01 00
[1767928640] ← TIMEOUT (0 bytes): 
[1767928640] → SEND (21 bytes): 50 00 00 FF FF 03 00 0A 00 00 00 01 04 00 00 A8 78 00 00 01 00
[1767928643] ← TIMEOUT (0 bytes): 
[1767928643] → SEND (21 bytes): 50 00 00 FF FF 03 00 0A 00 00 00 01 04 00 00 A8 78 00 00 01 00
[1767928646] ← TIMEOUT (0 bytes): 
[1767928646] → SEND (21 bytes): 50 00 00 FF FF 03 00 0A 00 00 00 01 04 00 00 A8 78 00 00 01 00
[1767928649] ← TIMEOUT (0 bytes): 
[1767928649] → SEND (21 bytes): 50 00 00 FF FF 03 00 0A 00 00 00 01 04 00 00 A8 78 00 00 01 00
[1767928652] ← TIMEOUT (0 bytes): 
[1767928652] → SEND (21 bytes): 50 00 00 FF FF 03 00 0A 00 00 00 01 04 00 00 A8 78 00 00 01 00
[1767928655] ← TIMEOUT (0 bytes): 
[1767928656] → SEND (21 bytes): 50 00 00 FF FF 03 00 0A 00 00 00 01 04 00 00 A8 78 00 00 01 00
[1767928659] ← TIMEOUT (0 bytes): 
[1767928659] → SEND (21 bytes): 50 00 00 FF FF 03 00 0A 00 00 00 01 04 00 00 A8 78 00 00 01 00
[1767928662] ← TIMEOUT (0 bytes): 
[1767928662] → SEND (21 bytes): 50 00 00 FF FF 03 00 0A 00 00 00 01 04 00 00 A8 78 00 00 01 00
[1767928665] ← TIMEOUT (0 bytes): 
[1767928665] → SEND (21 bytes): 50 00 00 FF FF 03 00 0A 00 00 00 01 04 00 00 A8 78 00 00 01 00
[1767928668] ← TIMEOUT (0 bytes): 
[1767928668] → SEND (21 bytes): 50 00 00 FF FF 03 00 0A 00 00 00 01 04 00 00 A8 78 00 00 01 00
[1767928671] ← TIMEOUT (0 bytes): 
[1767928671] → SEND (21 bytes): 50 00 00 FF FF 03 00 0A 00 00 00 01 04 00 00 A8 78 00 00 01 00
[1767928674] ← TIMEOUT (0 bytes): 
[1767928674] → SEND (21 bytes): 50 00 00 FF FF 03 00 0A 00 00 00 01 04 00 00 A8 78 00 00 01 00
[1767928677] ← TIMEOUT (0 bytes): 
[1767928677] → SEND (21 bytes): 50 00 00 FF FF 03 00 0A 00 00 00 01 04 00 00 A8 78 00 00 01 00
[1767928680] ← TIMEOUT (0 bytes): 
[1767928680] → SEND (21 bytes): 50 00 00 FF FF 03 00 0A 00 00 00 01 04 00 00 A8 78 00 00 01 00
[1767928683] ← TIMEOUT (0 bytes): 
[1767928683] → SEND (21 bytes): 50 00 00 FF FF 03 00 0A 00 00 00 01 04 00 00 A8 78 00 00 01 00
[1767928686] ← TIMEOUT (0 bytes): 
[1767928686] → SEND (21 bytes): 50 00 00 FF FF 03 00 0A 00 00 00 01 04 00 00 A8 78 00 00 01 00
[1767928689] ← TIMEOUT (0 bytes): 
[1767928689] → SEND (21 bytes): 50 00 00 FF FF 03 00 0A 00 00 00 01 04 00 00 A8 78 00 00 01 00
[1767928692] ← TIMEOUT (0 bytes): 
[1767928692] → SEND (21 bytes): 50 00 00 FF FF 03 00 0A 00 00 00 01 04 00 00 A8 78 00 00 01 00
[1767928695] ← TIMEOUT (0 bytes): 
[1767928695] → SEND (21 bytes): 50 00 00 FF FF 03 00 0A 00 00 00 01 04 00 00 A8 78 00 00 01 00
[1767928698] ← TIMEOUT (0 bytes): 
[1767928698] → SEND (21 bytes): 50 00 00 FF FF 03 00 0A 00 00 00 01 04 00 00 A8 78 00 00 01 00
[1767928701] ← TIMEOUT (0 bytes): 
[1767928701] → SEND (21 bytes): 50 00 00 FF FF 03 00 0A 00 00 00 01 04 00 00 A8 78 00 00 01 00
[1767928704] ← TIMEOUT (0 bytes): 
[1767928704] → SEND (21 bytes): 50 00 00 FF FF 03 00 0A 00 00 00 01 04 00 00 A8 78 00 00 01 00
[1767928707] ← TIMEOUT (0 bytes): 
[1767928707] → SEND (21 bytes): 50 00 00 FF FF 03 00 0A 00 00 00 01 04 00 00 A8 78 00 00 01 00
[1767928710] ← TIMEOUT (0 bytes): 
[1767928710] → SEND (21 bytes): 50 00 00 FF FF 03 00 0A 00 00 00 01 04 00 00 A8 78 00 00 01 00
[1767928713] ← TIMEOUT (0 bytes): 
[1767928713] → SEND (21 bytes): 50 00 00 FF FF 03 00 0A 00 00 00 01 04 00 00 A8 78 00 00 01 00
[1767928716] ← TIMEOUT (0 bytes): 
[1767928716] → SEND (21 bytes): 50 00 00 FF FF 03 00 0A 00 00 00 01 04 00 00 A8 78 00 00 01 00
[1767928719] ← TIMEOUT (0 bytes): 
[1767928719] → SEND (21 bytes): 50 00 00 FF FF 03 00 0A 00 00 00 01 04 00 00 A8 78 00 00 01 00
[1767928722] ← TIMEOUT (0 bytes): 
[1767928723] → SEND (21 bytes): 50 00 00 FF FF 03 00 0A 00 00 00 01 04 00 00 A8 78 00 00 01 00
[1767928726] ← TIMEOUT (0 bytes): 
[1767928726] → SEND (21 bytes): 50 00 00 FF FF 03 00 0A 00 00 00 01 04 00 00 A8 78 00 00 01 00
[1767928729] ← TIMEOUT (0 bytes): 
[1767928729] → SEND (21 bytes): 50 00 00 FF FF 03 00 0A 00 00 00 01 04 00 00 A8 78 00 00 01 00
[1767928732] ← TIMEOUT (0 bytes): 
[1767928732] → SEND (21 bytes): 50 00 00 FF FF 03 00 0A 00 00 00 01 04 00 00 A8 78 00 00 01 00
[1767928735] ← TIMEOUT (0 bytes): 
[1767928735] → SEND (21 bytes): 50 00 00 FF FF 03 00 0A 00 00 00 01 04 00 00 A8 78 00 00 01 00
[1767928738] ← TIMEOUT (0 bytes): 
[1767928738] → SEND (21 bytes): 50 00 00 FF FF 03 00 0A 00 00 00 01 04 00 00 A8 78 00 00 01 00
[1767928741] ← TIMEOUT (0 bytes): 
[1767928741] → SEND (21 bytes): 50 00 00 FF FF 03 00 0A 00 00 00 01 04 00 00 A8 78 00 00 01 00
[1767928744] ← TIMEOUT (0 bytes): 
[1767928744] → SEND (21 bytes): 50 00 00 FF FF 03 00 0A 00 00 00 01 04 00 00 A8 78 00 00 01 00
[1767928747] ← TIMEOUT (0 bytes): 
[1767928747] → SEND (21 bytes): 50 00 00 FF FF 03 00 0A 00 00 00 01 04 00 00 A8 78 00 00 01 00
[1767928750] ← TIMEOUT (0 bytes): 
[1767928750] → SEND (21 bytes): 50 00 00 FF FF 03 00 0A 00 00 00 01 04 00 00 A8 78 00 00 01 00
[1767928753] ← TIMEOUT (0 bytes): 
[1767928753] → SEND (21 bytes): 50 00 00 FF FF 03 00 0A 00 00 00 01 04 00 00 A8 78 00 00 01 00
[1767928756] ← TIMEOUT (0 bytes): 
[1767928756] → SEND (21 bytes): 50 00 00 FF FF 03 00 0A 00 00 00 01 04 00 00 A8 78 00 00 01 00
[1767928759] ← TIMEOUT (0 bytes): 
[1767928759] → SEND (21 bytes): 50 00 00 FF FF 03 00 0A 00 00 00 01 04 00 00 A8 78 00 00 01 00
[1767928762] ← TIMEOUT (0 bytes): 
[1767928762] → SEND (21 bytes): 50 00 00 FF FF 03 00 0A 00 00 00 01 04 00 00 A8 78 00 00 01 00
[1767928765] ← TIMEOUT (0 bytes): 
[1767928765] → SEND (21 bytes): 50 00 00 FF FF 03 00 0A 00 00 00 01 04 00 00 A8 78 00 00 01 00
[1767928768] ← TIMEOUT (0 bytes): 
[1767928768] → SEND (21 bytes): 50 00 00 FF FF 03 00 0A 00 00 00 01 04 00 00 A8 78 00 00 01 00
[1767928771] ← TIMEOUT (0 bytes): 
[1767928771] → SEND (21 bytes): 50 00 00 FF FF 03 00 0A 00 00 00 01 04 00 00 A8 78 00 00 01 00
[1767928774] ← TIMEOUT (0 bytes): 
[1767928774] → SEND (21 bytes): 50 00 00 FF FF 03 00 0A 00 00 00 01 04 00 00 A8 78 00 00 01 00
[1767928777] ← TIMEOUT (0 bytes): 
[1767928777] → SEND (21 bytes): 50 00 00 FF FF 03 00 0A 00 00 00 01 04 00 00 A8 78 00 00 01 00
[1767928780] ← TIMEOUT (0 bytes): 
[1767928780] → SEND (21 bytes): 50 00 00 FF FF 03 00 0A 00 00 00 01 04 00 00 A8 78 00 00 01 00
[1767928783] ← TIMEOUT (0 bytes): 
[1767928784] → SEND (21 bytes): 50 00 00 FF FF 03 00 0A 00 00 00 01 04 00 00 A8 78 00 00 01 00
[1767928787] ← TIMEOUT (0 bytes): 
[1767928787] → SEND (21 bytes): 50 00 00 FF FF 03 00 0A 00 00 00 01 04 00 00 A8 78 00 00 01 00
[1767928790] ← TIMEOUT (0 bytes): 
[1767928790] → SEND (21 bytes): 50 00 00 FF FF 03 00 0A 00 00 00 01 04 00 00 A8 78 00 00 01 00
[1767928793] ← TIMEOUT (0 bytes): 
[1767928793] → SEND (21 bytes): 50 00 00 FF FF 03 00 0A 00 00 00 01 04 00 00 A8 78 00 00 01 00
[1767928796] ← TIMEOUT (0 bytes): 
[1767928796] → SEND (21 bytes): 50 00 00 FF FF 03 00 0A 00 00 00 01 04 00 00 A8 78 00 00 01 00
[1767928799] ← TIMEOUT (0 bytes): 
[1767928799] → SEND (21 bytes): 50 00 00 FF FF 03 00 0A 00 00 00 01 04 00 00 A8 78 00 00 01 00
[1767928802] ← TIMEOUT (0 bytes): 
[1767928802] → SEND (21 bytes): 50 00 00 FF FF 03 00 0A 00 00 00 01 04 00 00 A8 78 00 00 01 00
[1767928805] ← TIMEOUT (0 bytes): 
[1767928805] → SEND (21 bytes): 50 00 00 FF FF 03 00 0A 00 00 00 01 04 00 00 A8 78 00 00 01 00
[1767928808] ← TIMEOUT (0 bytes): 
[1767928808] → SEND (21 bytes): 50 00 00 FF FF 03 00 0A 00 00 00 01 04 00 00 A8 78 00 00 01 00
[1767928811] ← TIMEOUT (0 bytes): 
[1767928811] → SEND (21 bytes): 50 00 00 FF FF 03 00 0A 00 00 00 01 04 00 00 A8 78 00 00 01 00
[1767928814] ← TIMEOUT (0 bytes): 
[1767928814] → SEND (21 bytes): 50 00 00 FF FF 03 00 0A 00 00 00 01 04 00 00 A8 78 00 00 01 00
[1767928817] ← TIMEOUT (0 bytes): 
[1767928817] → SEND (21 bytes): 50 00 00 FF FF 03 00 0A 00 00 00 01 04 00 00 A8 78 00 00 01 00
[1767928820] ← TIMEOUT (0 bytes): 
[1767928820] → SEND (21 bytes): 50 00 00 FF FF 03 00 0A 00 00 00 01 04 00 00 A8 78 00 00 01 00
[1767928823] ← TIMEOUT (0 bytes): 
[1767928823] → SEND (21 bytes): 50 00 00 FF FF 03 00 0A 00 00 00 01 04 00 00 A8 78 00 00 01 00
[1767928826] ← TIMEOUT (0 bytes): 
[1767928826] → SEND (21 bytes): 50 00 00 FF FF 03 00 0A 00 00 00 01 04 00 00 A8 78 00 00 01 00
[1767928829] ← TIMEOUT (0 bytes): 
[1767928829] → SEND (21 bytes): 50 00 00 FF FF 03 00 0A 00 00 00 01 04 00 00 A8 78 00 00 01 00
[1767928832] ← TIMEOUT (0 bytes): 
[1767928832] → SEND (21 bytes): 50 00 00 FF FF 03 00 0A 00 00 00 01 04 00 00 A8 78 00 00 01 00
[1767928835] ← TIMEOUT (0 bytes): 
[1767928835] → SEND (21 bytes): 50 00 00 FF FF 03 00 0A 00 00 00 01 04 00 00 A8 78 00 00 01 00
[1767928838] ← TIMEOUT (0 bytes): 
[1767928839] → SEND (21 bytes): 50 00 00 FF FF 03 00 0A 00 00 00 01 04 00 00 A8 78 00 00 01 00
[1767928842] ← TIMEOUT (0 bytes): 
[1767928842] → SEND (21 bytes): 50 00 00 FF FF 03 00 0A 00 00 00 01 04 00 00 A8 78 00 00 01 00
[1767928845] ← TIMEOUT (0 bytes): 
[1767928845] → SEND (21 bytes): 50 00 00 FF FF 03 00 0A 00 00 00 01 04 00 00 A8 78 00 00 01 00
[1767928848] ← TIMEOUT (0 bytes): 
[1767928848] → SEND (21 bytes): 50 00 00 FF FF 03 00 0A 00 00 00 01 04 00 00 A8 78 00 00 01 00
[1767928851] ← TIMEOUT (0 bytes): 
[1767928851] → SEND (21 bytes): 50 00 00 FF FF 03 00 0A 00 00 00 01 04 00 00 A8 78 00 00 01 00
[1767928854] ← TIMEOUT (0 bytes): 
[1767928854] → SEND (21 bytes): 50 00 00 FF FF 03 00 0A 00 00 00 01 04 00 00 A8 78 00 00 01 00
[1767928857] ← TIMEOUT (0 bytes): 
[1767928857] → SEND (21 bytes): 50 00 00 FF FF 03 00 0A 00 00 00 01 04 00 00 A8 78 00 00 01 00
[1767928860] ← TIMEOUT (0 bytes): 
[1767928860] → SEND (21 bytes): 50 00 00 FF FF 03 00 0A 00 00 00 01 04 00 00 A8 78 00 00 01 00
[1767928863] ← TIMEOUT (0 bytes): 
[1767928863] → SEND (21 bytes): 50 00 00 FF FF 03 00 0A 00 00 00 01 04 00 00 A8 78 00 00 01 00
[1767928866] ← TIMEOUT (0 bytes): 
[1767928866] → SEND (21 bytes): 50 00 00 FF FF 03 00 0A 00 00 00 01 04 00 00 A8 78 00 00 01 00
[1767928869] ← TIMEOUT (0 bytes): 
[1767928869] → SEND (21 bytes): 50 00 00 FF FF 03 00 0A 00 00 00 01 04 00 00 A8 78 00 00 01 00
[1767928872] ← TIMEOUT (0 bytes): 
[1767928872] → SEND (21 bytes): 50 00 00 FF FF 03 00 0A 00 00 00 01 04 00 00 A8 78 00 00 01 00
[1767928875] ← TIMEOUT (0 bytes): 
[1767928875] → SEND (21 bytes): 50 00 00 FF FF 03 00 0A 00 00 00 01 04 00 00 A8 78 00 00 01 00
[1767928878] ← TIMEOUT (0 bytes): 
[1767928878] → SEND (21 bytes): 50 00 00 FF FF 03 00 0A 00 00 00 01 04 00 00 A8 78 00 00 01 00
[1767928881] ← TIMEOUT (0 bytes): 
[1767928881] → SEND (21 bytes): 50 00 00 FF FF 03 00 0A 00 00 00 01 04 00 00 A8 78 00 00 01 00
[1767928884] ← TIMEOUT (0 bytes): 
[1767928884] → SEND (21 bytes): 50 00 00 FF FF 03 00 0A 00 00 00 01 04 00 00 A8 78 00 00 01 00
[1767928887] ← TIMEOUT (0 bytes): 
[1767928887] → SEND (21 bytes): 50 00 00 FF FF 03 00 0A 00 00 00 01 04 00 00 A8 78 00 00 01 00
[1767928890] ← TIMEOUT (0 bytes): 
[1767928890] → SEND (21 bytes): 50 00 00 FF FF 03 00 0A 00 00 00 01 04 00 00 A8 78 00 00 01 00
[1767928893] ← TIMEOUT (0 bytes): 
[1767928893] → SEND (21 bytes): 50 00 00 FF FF 03 00 0A 00 00 00 01 04 00 00 A8 78 00 00 01 00
[1767928896] ← TIMEOUT (0 bytes): 
[1767928896] → SEND (21 bytes): 50 00 00 FF FF 03 00 0A 00 00 00 01 04 00 00 A8 78 00 00 01 00
[1767928899] ← TIMEOUT (0 bytes): 
[1767928900] → SEND (21 bytes): 50 00 00 FF FF 03 00 0A 00 00 00 01 04 00 00 A8 78 00 00 01 00
[1767928903] ← TIMEOUT (0 bytes): 
[1767928903] → SEND (21 bytes): 50 00 00 FF FF 03 00 0A 00 00 00 01 04 00 00 A8 78 00 00 01 00
[1767928906] ← TIMEOUT (0 bytes): 
[1767928906] → SEND (21 bytes): 50 00 00 FF FF 03 00 0A 00 00 00 01 04 00 00 A8 78 00 00 01 00
[1767928909] ← TIMEOUT (0 bytes): 
[1767928909] → SEND (21 bytes): 50 00 00 FF FF 03 00 0A 00 00 00 01 04 00 00 A8 78 00 00 01 00
[1767928912] ← TIMEOUT (0 bytes): 
[1767928912] → SEND (21 bytes): 50 00 00 FF FF 03 00 0A 00 00 00 01 04 00 00 A8 78 00 00 01 00
[1767928915] ← TIMEOUT (0 bytes): 
[1767928915] → SEND (21 bytes): 50 00 00 FF FF 03 00 0A 00 00 00 01 04 00 00 A8 78 00 00 01 00
[1767928918] ← TIMEOUT (0 bytes): 
[1767928918] → SEND (21 bytes): 50 00 00 FF FF 03 00 0A 00 00 00 01 04 00 00 A8 78 00 00 01 00
[1767928921] ← TIMEOUT (0 bytes): 
[1767928921] → SEND (21 bytes): 50 00 00 FF FF 03 00 0A 00 00 00 01 04 00 00 A8 78 00 00 01 00
[1767928924] ← TIMEOUT (0 bytes): 
[1767928924] → SEND (21 bytes): 50 00 00 FF FF 03 00 0A 00 00 00 01 04 00 00 A8 78 00 00 01 00
[1767928927] ← TIMEOUT (0 bytes): 
[1767928927] → SEND (21 bytes): 50 00 00 FF FF 03 00 0A 00 00 00 01 04 00 00 A8 78 00 00 01 00
[1767928930] ← TIMEOUT (0 bytes): 
[1767928930] → SEND (21 bytes): 50 00 00 FF FF 03 00 0A 00 00 00 01 04 00 00 A8 78 00 00 01 00
[1767928933] ← TIMEOUT (0 bytes): 
[1767928933] → SEND (21 bytes): 50 00 00 FF FF 03 00 0A 00 00 00 01 04 00 00 A8 78 00 00 01 00
[1767928936] ← TIMEOUT (0 bytes): 
[1767928936] → SEND (21 bytes): 50 00 00 FF FF 03 00 0A 00 00 00 01 04 00 00 A8 78 00 00 01 00
[1767928939] ← TIMEOUT (0 bytes): 
[1767928939] → SEND (21 bytes): 50 00 00 FF FF 03 00 0A 00 00 00 01 04 00 00 A8 78 00 00 01 00
[1767928942] ← TIMEOUT (0 bytes): 
[1767928942] → SEND (21 bytes): 50 00 00 FF FF 03 00 0A 00 00 00 01 04 00 00 A8 78 00 00 01 00
[1767928945] ← TIMEOUT (0 bytes): 
[1767928945] → SEND (21 bytes): 50 00 00 FF FF 03 00 0A 00 00 00 01 04 00 00 A8 78 00 00 01 00
[1767928948] ← TIMEOUT (0 bytes): 
[1767928948] → SEND (21 bytes): 50 00 00 FF FF 03 00 0A 00 00 00 01 04 00 00 A8 78 00 00 01 00
[1767928951] ← TIMEOUT (0 bytes): 
[1767928951] → SEND (21 bytes): 50 00 00 FF FF 03 00 0A 00 00 00 01 04 00 00 A8 78 00 00 01 00
[1767928954] ← TIMEOUT (0 bytes): 
[1767928954] → SEND (21 bytes): 50 00 00 FF FF 03 00 0A 00 00 00 01 04 00 00 A8 78 00 00 01 00
[1767928957] ← TIMEOUT (0 bytes): 
[1767928957] → SEND (21 bytes): 50 00 00 FF FF 03 00 0A 00 00 00 01 04 00 00 A8 78 00 00 01 00
[1767928960] ← TIMEOUT (0 bytes): 
[1767928961] → SEND (21 bytes): 50 00 00 FF FF 03 00 0A 00 00 00 01 04 00 00 A8 78 00 00 01 00
[1767928964] ← TIMEOUT (0 bytes): 
[1767928964] → SEND (21 bytes): 50 00 00 FF FF 03 00 0A 00 00 00 01 04 00 00 A8 78 00 00 01 00
[1767928967] ← TIMEOUT (0 bytes): 
[1767928967] → SEND (21 bytes): 50 00 00 FF FF 03 00 0A 00 00 00 01 04 00 00 A8 78 00 00 01 00
[1767928970] ← TIMEOUT (0 bytes): 
[1767928970] → SEND (21 bytes): 50 00 00 FF FF 03 00 0A 00 00 00 01 04 00 00 A8 78 00 00 01 00
[1767928973] ← TIMEOUT (0 bytes): 
[1767928973] → SEND (21 bytes): 50 00 00 FF FF 03 00 0A 00 00 00 01 04 00 00 A8 78 00 00 01 00
[1767928976] ← TIMEOUT (0 bytes): 
[1767928976] → SEND (21 bytes): 50 00 00 FF FF 03 00 0A 00 00 00 01 04 00 00 A8 78 00 00 01 00
[1767928979] ← TIMEOUT (0 bytes): 
[1767928979] → SEND (21 bytes): 50 00 00 FF FF 03 00 0A 00 00 00 01 04 00 00 A8 78 00 00 01 00
[1767928982] ← TIMEOUT (0 bytes): 
[1767928982] → SEND (21 bytes): 50 00 00 FF FF 03 00 0A 00 00 00 01 04 00 00 A8 78 00 00 01 00
[1767928985] ← TIMEOUT (0 bytes): 
[1767928985] → SEND (21 bytes): 50 00 00 FF FF 03 00 0A 00 00 00 01 04 00 00 A8 78 00 00 01 00
[1767928988] ← TIMEOUT (0 bytes): 
[1767928988] → SEND (21 bytes): 50 00 00 FF FF 03 00 0A 00 00 00 01 04 00 00 A8 78 00 00 01 00
[1767928991] ← TIMEOUT (0 bytes): 
[1767928991] → SEND (21 bytes): 50 00 00 FF FF 03 00 0A 00 00 00 01 04 00 00 A8 78 00 00 01 00
[1767928994] ← TIMEOUT (0 bytes): 
[1767928994] → SEND (21 bytes): 50 00 00 FF FF 03 00 0A 00 00 00 01 04 00 00 A8 78 00 00 01 00
[1767928997] ← TIMEOUT (0 bytes): 
[1767928997] → SEND (21 bytes): 50 00 00 FF FF 03 00 0A 00 00 00 01 04 00 00 A8 78 00 00 01 00
[1767929000] ← TIMEOUT (0 bytes): 
[1767929000] → SEND (21 bytes): 50 00 00 FF FF 03 00 0A 00 00 00 01 04 00 00 A8 78 00 00 01 00
[1767929003] ← TIMEOUT (0 bytes): 
[1767929003] → SEND (21 bytes): 50 00 00 FF FF 03 00 0A 00 00 00 01 04 00 00 A8 78 00 00 01 00
[1767929006] ← TIMEOUT (0 bytes): 
[1767929006] → SEND (21 bytes): 50 00 00 FF FF 03 00 0A 00 00 00 01 04 00 00 A8 78 00 00 01 00
[1767929009] ← TIMEOUT (0 bytes): 
[1767929009] → SEND (21 bytes): 50 00 00 FF FF 03 00 0A 00 00 00 01 04 00 00 A8 78 00 00 01 00
[1767929012] ← TIMEOUT (0 bytes): 
[1767929012] → SEND (21 bytes): 50 00 00 FF FF 03 00 0A 00 00 00 01 04 00 00 A8 78 00 00 01 00
[1767929015] ← TIMEOUT (0 bytes): 
[1767929015] → SEND (21 bytes): 50 00 00 FF FF 03 00 0A 00 00 00 01 04 00 00 A8 78 00 00 01 00
[1767929018] ← TIMEOUT (0 bytes): 
[1767929018] → SEND (21 bytes): 50 00 00 FF FF 03 00 0A 00 00 00 01 04 00 00 A8 78 00 00 01 00
[1767929021] ← TIMEOUT (0 bytes): 
[1767929022] → SEND (21 bytes): 50 00 00 FF FF 03 00 0A 00 00 00 01 04 00 00 A8 78 00 00 01 00
[1767929025] ← TIMEOUT (0 bytes): 
[1767929025] → SEND (21 bytes): 50 00 00 FF FF 03 00 0A 00 00 00 01 04 00 00 A8 78 00 00 01 00
[1767929028] ← TIMEOUT (0 bytes): 
[1767929028] → SEND (21 bytes): 50 00 00 FF FF 03 00 0A 00 00 00 01 04 00 00 A8 78 00 00 01 00
[1767929031] ← TIMEOUT (0 bytes): 
[1767929031] → SEND (21 bytes): 50 00 00 FF FF 03 00 0A 00 00 00 01 04 00 00 A8 78 00 00 01 00
[1767929034] ← TIMEOUT (0 bytes): 
[1767929034] → SEND (21 bytes): 50 00 00 FF FF 03 00 0A 00 00 00 01 04 00 00 A8 78 00 00 01 00
[1767929037] ← TIMEOUT (0 bytes): 
[1767929037] → SEND (21 bytes): 50 00 00 FF FF 03 00 0A 00 00 00 01 04 00 00 A8 78 00 00 01 00
[1767929039] ← RECV ERROR (0 bytes): 
[1767929040] → SEND (21 bytes): 50 00 00 FF FF 03 00 0A 00 00 00 01 04 00 00 A8 78 00 00 01 00
[1767929040] → SEND (21 bytes): 50 00 00 FF FF 03 00 0A 00 00 00 01 04 00 00 A8 78 00 00 01 00
[1767929041] → SEND (21 bytes): 50 00 00 FF FF 03 00 0A 00 00 00 01 04 00 00 A8 78 00 00 01 00
[1767929041] → SEND (21 bytes): 50 00 00 FF FF 03 00 0A 00 00 00 01 04 00 00 A8 78 00 00 01 00
[1767929042] → SEND (21 bytes): 50 00 00 FF FF 03 00 0A 00 00 00 01 04 00 00 A8 78 00 00 01 00
[1767929042] → SEND (21 bytes): 50 00 00 FF FF 03 00 0A 00 00 00 01 04 00 00 A8 78 00 00 01 00
[1767929043] → SEND (21 bytes): 50 00 00 FF FF 03 00 0A 00 00 00 01 04 00 00 A8 78 00 00 01 00
[1767929043] → SEND (21 bytes): 50 00 00 FF FF 03 00 0A 00 00 00 01 04 00 00 A8 78 00 00 01 00
[1767929044] → SEND (21 bytes): 50 00 00 FF FF 03 00 0A 00 00 00 01 04 00 00 A8 78 00 00 01 00
[1767929044] → SEND (21 bytes): 50 00 00 FF FF 03 00 0A 00 00 00 01 04 00 00 A8 78 00 00 01 00
[1767929045] → SEND (21 bytes): 50 00 00 FF FF 03 00 0A 00 00 00 01 04 00 00 A8 78 00 00 01 00
[1767929045] → SEND (21 bytes): 50 00 00 FF FF 03 00 0A 00 00 00 01 04 00 00 A8 78 00 00 01 00
[1767929046] → SEND (21 bytes): 50 00 00 FF FF 03 00 0A 00 00 00 01 04 00 00 A8 78 00 00 01 00
[1767929047] → SEND (21 bytes): 50 00 00 FF FF 03 00 0A 00 00 00 01 04 00 00 A8 78 00 00 01 00
[1767929047] → SEND (21 bytes): 50 00 00 FF FF 03 00 0A 00 00 00 01 04 00 00 A8 78 00 00 01 00
[1767929048] → SEND (21 bytes): 50 00 00 FF FF 03 00 0A 00 00 00 01 04 00 00 A8 78 00 00 01 00
[1767929048] → SEND (21 bytes): 50 00 00 FF FF 03 00 0A 00 00 00 01 04 00 00 A8 78 00 00 01 00
[1767929049] → SEND (21 bytes): 50 00 00 FF FF 03 00 0A 00 00 00 01 04 00 00 A8 78 00 00 01 00
[1767929049] → SEND (21 bytes): 50 00 00 FF FF 03 00 0A 00 00 00 01 04 00 00 A8 78 00 00 01 00
[1767929050] → SEND (21 bytes): 50 00 00 FF FF 03 00 0A 00 00 00 01 04 00 00 A8 78 00 00 01 00
[1767929050] → SEND (21 bytes): 50 00 00 FF FF 03 00 0A 00 00 00 01 04 00 00 A8 78 00 00 01 00
[1767929051] → SEND (21 bytes): 50 00 00 FF FF 03 00 0A 00 00 00 01 04 00 00 A8 78 00 00 01 00
[1767929051] → SEND (21 bytes): 50 00 00 FF FF 03 00 0A 00 00 00 01 04 00 00 A8 78 00 00 01 00
[1767929052] → SEND (21 bytes): 50 00 00 FF FF 03 00 0A 00 00 00 01 04 00 00 A8 78 00 00 01 00
[1767929052] → SEND (21 bytes): 50 00 00 FF FF 03 00 0A 00 00 00 01 04 00 00 A8 78 00 00 01 00
[1767929053] → SEND (21 bytes): 50 00 00 FF FF 03 00 0A 00 00 00 01 04 00 00 A8 78 00 00 01 00
[1767929053] → SEND (21 bytes): 50 00 00 FF FF 03 00 0A 00 00 00 01 04 00 00 A8 78 00 00 01 00
[1767929054] → SEND (21 bytes): 50 00 00 FF FF 03 00 0A 00 00 00 01 04 00 00 A8 78 00 00 01 00
[1767929054] → SEND (21 bytes): 50 00 00 FF FF 03 00 0A 00 00 00 01 04 00 00 A8 78 00 00 01 00
[1767929055] → SEND (21 bytes): 50 00 00 FF FF 03 00 0A 00 00 00 01 04 00 00 A8 78 00 00 01 00
[1767929056] → SEND (21 bytes): 50 00 00 FF FF 03 00 0A 00 00 00 01 04 00 00 A8 78 00 00 01 00
[1767929056] → SEND (21 bytes): 50 00 00 FF FF 03 00 0A 00 00 00 01 04 00 00 A8 78 00 00 01 00
[1767929057] → SEND (21 bytes): 50 00 00 FF FF 03 00 0A 00 00 00 01 04 00 00 A8 78 00 00 01 00
[1767929057] → SEND (21 bytes): 50 00 00 FF FF 03 00 0A 00 00 00 01 04 00 00 A8 78 00 00 01 00
[1767929058] → SEND (21 bytes): 50 00 00 FF FF 03 00 0A 00 00 00 01 04 00 00 A8 78 00 00 01 00
[1767929058] → SEND (21 bytes): 50 00 00 FF FF 03 00 0A 00 00 00 01 04 00 00 A8 78 00 00 01 00
[1767929059] → SEND (21 bytes): 50 00 00 FF FF 03 00 0A 00 00 00 01 04 00 00 A8 78 00 00 01 00
[1767929059] → SEND (21 bytes): 50 00 00 FF FF 03 00 0A 00 00 00 01 04 00 00 A8 78 00 00 01 00
[1767929060] → SEND (21 bytes): 50 00 00 FF FF 03 00 0A 00 00 00 01 04 00 00 A8 78 00 00 01 00
[1767929060] → SEND (21 bytes): 50 00 00 FF FF 03 00 0A 00 00 00 01 04 00 00 A8 78 00 00 01 00
[1767929061] → SEND (21 bytes): 50 00 00 FF FF 03 00 0A 00 00 00 01 04 00 00 A8 78 00 00 01 00
[1767929061] → SEND (21 bytes): 50 00 00 FF FF 03 00 0A 00 00 00 01 04 00 00 A8 78 00 00 01 00
[1767929062] → SEND (21 bytes): 50 00 00 FF FF 03 00 0A 00 00 00 01 04 00 00 A8 78 00 00 01 00
[1767929063] → SEND (21 bytes): 50 00 00 FF FF 03 00 0A 00 00 00 01 04 00 00 A8 78 00 00 01 00
[1767929063] → SEND (21 bytes): 50 00 00 FF FF 03 00 0A 00 00 00 01 04 00 00 A8 78 00 00 01 00
[1767929064] → SEND (21 bytes): 50 00 00 FF FF 03 00 0A 00 00 00 01 04 00 00 A8 78 00 00 01 00
[1767929064] → SEND (21 bytes): 50 00 00 FF FF 03 00 0A 00 00 00 01 04 00 00 A8 78 00 00 01 00
[1767929065] → SEND (21 bytes): 50 00 00 FF FF 03 00 0A 00 00 00 01 04 00 00 A8 78 00 00 01 00
[1767929065] → SEND (21 bytes): 50 00 00 FF FF 03 00 0A 00 00 00 01 04 00 00 A8 78 00 00 01 00
[1767929066] → SEND (21 bytes): 50 00 00 FF FF 03 00 0A 00 00 00 01 04 00 00 A8 78 00 00 01 00
[1767929066] → SEND (21 bytes): 50 00 00 FF FF 03 00 0A 00 00 00 01 04 00 00 A8 78 00 00 01 00
[1767929067] → SEND (21 bytes): 50 00 00 FF FF 03 00 0A 00 00 00 01 04 00 00 A8 78 00 00 01 00
[1767929067] → SEND (21 bytes): 50 00 00 FF FF 03 00 0A 00 00 00 01 04 00 00 A8 78 00 00 01 00
[1767929068] → SEND (21 bytes): 50 00 00 FF FF 03 00 0A 00 00 00 01 04 00 00 A8 78 00 00 01 00
[1767929068] → SEND (21 bytes): 50 00 00 FF FF 03 00 0A 00 00 00 01 04 00 00 A8 78 00 00 01 00
[1767929069] → SEND (21 bytes): 50 00 00 FF FF 03 00 0A 00 00 00 01 04 00 00 A8 78 00 00 01 00
[1767929070] → SEND (21 bytes): 50 00 00 FF FF 03 00 0A 00 00 00 01 04 00 00 A8 78 00 00 01 00
[1767929070] → SEND (21 bytes): 50 00 00 FF FF 03 00 0A 00 00 00 01 04 00 00 A8 78 00 00 01 00
[1767929071] → SEND (21 bytes): 50 00 00 FF FF 03 00 0A 00 00 00 01 04 00 00 A8 78 00 00 01 00
[1767929071] → SEND (21 bytes): 50 00 00 FF FF 03 00 0A 00 00 00 01 04 00 00 A8 78 00 00 01 00
[1767929072] → SEND (21 bytes): 50 00 00 FF FF 03 00 0A 00 00 00 01 04 00 00 A8 78 00 00 01 00
[1767929072] → SEND (21 bytes): 50 00 00 FF FF 03 00 0A 00 00 00 01 04 00 00 A8 78 00 00 01 00
[1767929073] → SEND (21 bytes): 50 00 00 FF FF 03 00 0A 00 00 00 01 04 00 00 A8 78 00 00 01 00
[1767929073] → SEND (21 bytes): 50 00 00 FF FF 03 00 0A 00 00 00 01 04 00 00 A8 78 00 00 01 00
[1767929074] → SEND (21 bytes): 50 00 00 FF FF 03 00 0A 00 00 00 01 04 00 00 A8 78 00 00 01 00
[1767929074] → SEND (21 bytes): 50 00 00 FF FF 03 00 0A 00 00 00 01 04 00 00 A8 78 00 00 01 00
[1767929075] → SEND (21 bytes): 50 00 00 FF FF 03 00 0A 00 00 00 01 04 00 00 A8 78 00 00 01 00
[1767929075] → SEND (21 bytes): 50 00 00 FF FF 03 00 0A 00 00 00 01 04 00 00 A8 78 00 00 01 00
[1767929076] → SEND (21 bytes): 50 00 00 FF FF 03 00 0A 00 00 00 01 04 00 00 A8 78 00 00 01 00
[1767929077] → SEND (21 bytes): 50 00 00 FF FF 03 00 0A 00 00 00 01 04 00 00 A8 78 00 00 01 00
[1767929077] → SEND (21 bytes): 50 00 00 FF FF 03 00 0A 00 00 00 01 04 00 00 A8 78 00 00 01 00
[1767929078] → SEND (21 bytes): 50 00 00 FF FF 03 00 0A 00 00 00 01 04 00 00 A8 78 00 00 01 00
[1767929078] → SEND (21 bytes): 50 00 00 FF FF 03 00 0A 00 00 00 01 04 00 00 A8 78 00 00 01 00
[1767929079] → SEND (21 bytes): 50 00 00 FF FF 03 00 0A 00 00 00 01 04 00 00 A8 78 00 00 01 00
[1767929079] → SEND (21 bytes): 50 00 00 FF FF 03 00 0A 00 00 00 01 04 00 00 A8 78 00 00 01 00
[1767929080] → SEND (21 bytes): 50 00 00 FF FF 03 00 0A 00 00 00 01 04 00 00 A8 78 00 00 01 00
[1767929080] → SEND (21 bytes): 50 00 00 FF FF 03 00 0A 00 00 00 01 04 00 00 A8 78 00 00 01 00
[1767929081] → SEND (21 bytes): 50 00 00 FF FF 03 00 0A 00 00 00 01 04 00 00 A8 78 00 00 01 00
[1767929081] → SEND (21 bytes): 50 00 00 FF FF 03 00 0A 00 00 00 01 04 00 00 A8 78 00 00 01 00
[1767929082] → SEND (21 bytes): 50 00 00 FF FF 03 00 0A 00 00 00 01 04 00 00 A8 78 00 00 01 00
[1767929082] → SEND (21 bytes): 50 00 00 FF FF 03 00 0A 00 00 00 01 04 00 00 A8 78 00 00 01 00
[1767929083] → SEND (21 bytes): 50 00 00 FF FF 03 00 0A 00 00 00 01 04 00 00 A8 78 00 00 01 00
[1767929084] → SEND (21 bytes): 50 00 00 FF FF 03 00 0A 00 00 00 01 04 00 00 A8 78 00 00 01 00
[1767929084] → SEND (21 bytes): 50 00 00 FF FF 03 00 0A 00 00 00 01 04 00 00 A8 78 00 00 01 00
[1767929085] → SEND (21 bytes): 50 00 00 FF FF 03 00 0A 00 00 00 01 04 00 00 A8 78 00 00 01 00
[1767929085] → SEND (21 bytes): 50 00 00 FF FF 03 00 0A 00 00 00 01 04 00 00 A8 78 00 00 01 00
[1767929086] → SEND (21 bytes): 50 00 00 FF FF 03 00 0A 00 00 00 01 04 00 00 A8 78 00 00 01 00
[1767929086] → SEND (21 bytes): 50 00 00 FF FF 03 00 0A 00 00 00 01 04 00 00 A8 78 00 00 01 00
[1767929087] → SEND (21 bytes): 50 00 00 FF FF 03 00 0A 00 00 00 01 04 00 00 A8 78 00 00 01 00
[1767929087] → SEND (21 bytes): 50 00 00 FF FF 03 00 0A 00 00 00 01 04 00 00 A8 78 00 00 01 00
[1767929088] → SEND (21 bytes): 50 00 00 FF FF 03 00 0A 00 00 00 01 04 00 00 A8 78 00 00 01 00
[1767929088] → SEND (21 bytes): 50 00 00 FF FF 03 00 0A 00 00 00 01 04 00 00 A8 78 00 00 01 00
[1767929089] → SEND (21 bytes): 50 00 00 FF FF 03 00 0A 00 00 00 01 04 00 00 A8 78 00 00 01 00
[1767929089] → SEND (21 bytes): 50 00 00 FF FF 03 00 0A 00 00 00 01 04 00 00 A8 78 00 00 01 00
[1767929090] → SEND (21 bytes): 50 00 00 FF FF 03 00 0A 00 00 00 01 04 00 00 A8 78 00 00 01 00
[1767929091] → SEND (21 bytes): 50 00 00 FF FF 03 00 0A 00 00 00 01 04 00 00 A8 78 00 00 01 00
[1767929091] → SEND (21 bytes): 50 00 00 FF FF 03 00 0A 00 00 00 01 04 00 00 A8 78 00 00 01 00
[1767929092] → SEND (21 bytes): 50 00 00 FF FF 03 00 0A 00 00 00 01 04 00 00 A8 78 00 00 01 00
[1767929092] → SEND (21 bytes): 50 00 00 FF FF 03 00 0A 00 00 00 01 04 00 00 A8 78 00 00 01 00
[1767929093] → SEND (21 bytes): 50 00 00 FF FF 03 00 0A 00 00 00 01 04 00 00 A8 78 00 00 01 00
[1767929093] → SEND (21 bytes): 50 00 00 FF FF 03 00 0A 00 00 00 01 04 00 00 A8 78 00 00 01 00
[1767929094] → SEND (21 bytes): 50 00 00 FF FF 03 00 0A 00 00 00 01 04 00 00 A8 78 00 00 01 00
[1767929094] → SEND (21 bytes): 50 00 00 FF FF 03 00 0A 00 00 00 01 04 00 00 A8 78 00 00 01 00
[1767929095] → SEND (21 bytes): 50 00 00 FF FF 03 00 0A 00 00 00 01 04 00 00 A8 78 00 00 01 00
[1767929095] → SEND (21 bytes): 50 00 00 FF FF 03 00 0A 00 00 00 01 04 00 00 A8 78 00 00 01 00
[1767929096] → SEND (21 bytes): 50 00 00 FF FF 03 00 0A 00 00 00 01 04 00 00 A8 78 00 00 01 00
[1767929096] → SEND (21 bytes): 50 00 00 FF FF 03 00 0A 00 00 00 01 04 00 00 A8 78 00 00 01 00
[1767929097] → SEND (21 bytes): 50 00 00 FF FF 03 00 0A 00 00 00 01 04 00 00 A8 78 00 00 01 00
[1767929097] → SEND (21 bytes): 50 00 00 FF FF 03 00 0A 00 00 00 01 04 00 00 A8 78 00 00 01 00
[1767929098] → SEND (21 bytes): 50 00 00 FF FF 03 00 0A 00 00 00 01 04 00 00 A8 78 00 00 01 00
[1767929099] → SEND (21 bytes): 50 00 00 FF FF 03 00 0A 00 00 00 01 04 00 00 A8 78 00 00 01 00
[1767929099] → SEND (21 bytes): 50 00 00 FF FF 03 00 0A 00 00 00 01 04 00 00 A8 78 00 00 01 00
[1767929100] → SEND (21 bytes): 50 00 00 FF FF 03 00 0A 00 00 00 01 04 00 00 A8 78 00 00 01 00
[1767929100] → SEND (21 bytes): 50 00 00 FF FF 03 00 0A 00 00 00 01 04 00 00 A8 78 00 00 01 00
[1767929101] → SEND (21 bytes): 50 00 00 FF FF 03 00 0A 00 00 00 01 04 00 00 A8 78 00 00 01 00
[1767929101] → SEND (21 bytes): 50 00 00 FF FF 03 00 0A 00 00 00 01 04 00 00 A8 78 00 00 01 00
[1767929102] → SEND (21 bytes): 50 00 00 FF FF 03 00 0A 00 00 00 01 04 00 00 A8 78 00 00 01 00
[1767929102] → SEND (21 bytes): 50 00 00 FF FF 03 00 0A 00 00 00 01 04 00 00 A8 78 00 00 01 00
[1767929103] → SEND (21 bytes): 50 00 00 FF FF 03 00 0A 00 00 00 01 04 00 00 A8 78 00 00 01 00
[1767929103] → SEND (21 bytes): 50 00 00 FF FF 03 00 0A 00 00 00 01 04 00 00 A8 78 00 00 01 00
[1767929104] → SEND (21 bytes): 50 00 00 FF FF 03 00 0A 00 00 00 01 04 00 00 A8 78 00 00 01 00
[1767929104] → SEND (21 bytes): 50 00 00 FF FF 03 00 0A 00 00 00 01 04 00 00 A8 78 00 00 01 00
[1767929105] → SEND (21 bytes): 50 00 00 FF FF 03 00 0A 00 00 00 01 04 00 00 A8 78 00 00 01 00
[1767929105] → SEND (21 bytes): 50 00 00 FF FF 03 00 0A 00 00 00 01 04 00 00 A8 78 00 00 01 00
[1767929106] → SEND (21 bytes): 50 00 00 FF FF 03 00 0A 00 00 00 01 04 00 00 A8 78 00 00 01 00
[1767929107] → SEND (21 bytes): 50 00 00 FF FF 03 00 0A 00 00 00 01 04 00 00 A8 78 00 00 01 00
[1767929107] → SEND (21 bytes): 50 00 00 FF FF 03 00 0A 00 00 00 01 04 00 00 A8 78 00 00 01 00
[1767929108] → SEND (21 bytes): 50 00 00 FF FF 03 00 0A 00 00 00 01 04 00 00 A8 78 00 00 01 00
[1767929108] → SEND (21 bytes): 50 00 00 FF FF 03 00 0A 00 00 00 01 04 00 00 A8 78 00 00 01 00
[1767929109] → SEND (21 bytes): 50 00 00 FF FF 03 00 0A 00 00 00 01 04 00 00 A8 78 00 00 01 00
[1767929109] → SEND (21 bytes): 50 00 00 FF FF 03 00 0A 00 00 00 01 04 00 00 A8 78 00 00 01 00
[1767929110] → SEND (21 bytes): 50 00 00 FF FF 03 00 0A 00 00 00 01 04 00 00 A8 78 00 00 01 00
[1767929110] → SEND (21 bytes): 50 00 00 FF FF 03 00 0A 00 00 00 01 04 00 00 A8 78 00 00 01 00
[1767929111] → SEND (21 bytes): 50 00 00 FF FF 03 00 0A 00 00 00 01 04 00 00 A8 78 00 00 01 00
[1767929111] → SEND (21 bytes): 50 00 00 FF FF 03 00 0A 00 00 00 01 04 00 00 A8 78 00 00 01 00
[1767929112] → SEND (21 bytes): 50 00 00 FF FF 03 00 0A 00 00 00 01 04 00 00 A8 78 00 00 01 00
[1767929112] → SEND (21 bytes): 50 00 00 FF FF 03 00 0A 00 00 00 01 04 00 00 A8 78 00 00 01 00
[1767929113] → SEND (21 bytes): 50 00 00 FF FF 03 00 0A 00 00 00 01 04 00 00 A8 78 00 00 01 00
[1767929113] → SEND (21 bytes): 50 00 00 FF FF 03 00 0A 00 00 00 01 04 00 00 A8 78 00 00 01 00
[1767929114] → SEND (21 bytes): 50 00 00 FF FF 03 00 0A 00 00 00 01 04 00 00 A8 78 00 00 01 00
[1767929115] → SEND (21 bytes): 50 00 00 FF FF 03 00 0A 00 00 00 01 04 00 00 A8 78 00 00 01 00
[1767929115] → SEND (21 bytes): 50 00 00 FF FF 03 00 0A 00 00 00 01 04 00 00 A8 78 00 00 01 00
[1767929116] → SEND (21 bytes): 50 00 00 FF FF 03 00 0A 00 00 00 01 04 00 00 A8 78 00 00 01 00
[1767929116] → SEND (21 bytes): 50 00 00 FF FF 03 00 0A 00 00 00 01 04 00 00 A8 78 00 00 01 00
[1767929117] → SEND (21 bytes): 50 00 00 FF FF 03 00 0A 00 00 00 01 04 00 00 A8 78 00 00 01 00
[1767929117] → SEND (21 bytes): 50 00 00 FF FF 03 00 0A 00 00 00 01 04 00 00 A8 78 00 00 01 00
[1767929118] → SEND (21 bytes): 50 00 00 FF FF 03 00 0A 00 00 00 01 04 00 00 A8 78 00 00 01 00
[1767929118] → SEND (21 bytes): 50 00 00 FF FF 03 00 0A 00 00 00 01 04 00 00 A8 78 00 00 01 00
[1767929119] → SEND (21 bytes): 50 00 00 FF FF 03 00 0A 00 00 00 01 04 00 00 A8 78 00 00 01 00
[1767929119] → SEND (21 bytes): 50 00 00 FF FF 03 00 0A 00 00 00 01 04 00 00 A8 78 00 00 01 00
[1767929120] → SEND (21 bytes): 50 00 00 FF FF 03 00 0A 00 00 00 01 04 00 00 A8 78 00 00 01 00
[1767929120] → SEND (21 bytes): 50 00 00 FF FF 03 00 0A 00 00 00 01 04 00 00 A8 78 00 00 01 00
[1767929121] → SEND (21 bytes): 50 00 00 FF FF 03 00 0A 00 00 00 01 04 00 00 A8 78 00 00 01 00
[1767929122] → SEND (21 bytes): 50 00 00 FF FF 03 00 0A 00 00 00 01 04 00 00 A8 78 00 00 01 00
[1767929122] → SEND (21 bytes): 50 00 00 FF FF 03 00 0A 00 00 00 01 04 00 00 A8 78 00 00 01 00
[1767929123] → SEND (21 bytes): 50 00 00 FF FF 03 00 0A 00 00 00 01 04 00 00 A8 78 00 00 01 00
[1767929123] → SEND (21 bytes): 50 00 00 FF FF 03 00 0A 00 00 00 01 04 00 00 A8 78 00 00 01 00
[1767929124] → SEND (21 bytes): 50 00 00 FF FF 03 00 0A 00 00 00 01 04 00 00 A8 78 00 00 01 00
[1767929124] → SEND (21 bytes): 50 00 00 FF FF 03 00 0A 00 00 00 01 04 00 00 A8 78 00 00 01 00
[1767929125] → SEND (21 bytes): 50 00 00 FF FF 03 00 0A 00 00 00 01 04 00 00 A8 78 00 00 01 00
[1767929125] → SEND (21 bytes): 50 00 00 FF FF 03 00 0A 00 00 00 01 04 00 00 A8 78 00 00 01 00
[1767929126] → SEND (21 bytes): 50 00 00 FF FF 03 00 0A 00 00 00 01 04 00 00 A8 78 00 00 01 00
[1767929126] → SEND (21 bytes): 50 00 00 FF FF 03 00 0A 00 00 00 01 04 00 00 A8 78 00 00 01 00
[1767929127] → SEND (21 bytes): 50 00 00 FF FF 03 00 0A 00 00 00 01 04 00 00 A8 78 00 00 01 00
[1767929127] → SEND (21 bytes): 50 00 00 FF FF 03 00 0A 00 00 00 01 04 00 00 A8 78 00 00 01 00
[1767929128] → SEND (21 bytes): 50 00 00 FF FF 03 00 0A 00 00 00 01 04 00 00 A8 78 00 00 01 00
[1767929128] → SEND (21 bytes): 50 00 00 FF FF 03 00 0A 00 00 00 01 04 00 00 A8 78 00 00 01 00
[1767929129] → SEND (21 bytes): 50 00 00 FF FF 03 00 0A 00 00 00 01 04 00 00 A8 78 00 00 01 00
[1767929130] → SEND (21 bytes): 50 00 00 FF FF 03 00 0A 00 00 00 01 04 00 00 A8 78 00 00 01 00
[1767929130] → SEND (21 bytes): 50 00 00 FF FF 03 00 0A 00 00 00 01 04 00 00 A8 78 00 00 01 00
[1767929131] → SEND (21 bytes): 50 00 00 FF FF 03 00 0A 00 00 00 01 04 00 00 A8 78 00 00 01 00
[1767929131] → SEND (21 bytes): 50 00 00 FF FF 03 00 0A 00 00 00 01 04 00 00 A8 78 00 00 01 00
[1767929132] → SEND (21 bytes): 50 00 00 FF FF 03 00 0A 00 00 00 01 04 00 00 A8 78 00 00 01 00
[1767929132] → SEND (21 bytes): 50 00 00 FF FF 03 00 0A 00 00 00 01 04 00 00 A8 78 00 00 01 00
[1767929133] → SEND (21 bytes): 50 00 00 FF FF 03 00 0A 00 00 00 01 04 00 00 A8 78 00 00 01 00
[1767929133] → SEND (21 bytes): 50 00 00 FF FF 03 00 0A 00 00 00 01 04 00 00 A8 78 00 00 01 00
[1767929134] → SEND (21 bytes): 50 00 00 FF FF 03 00 0A 00 00 00 01 04 00 00 A8 78 00 00 01 00
[1767929134] → SEND (21 bytes): 50 00 00 FF FF 03 00 0A 00 00 00 01 04 00 00 A8 78 00 00 01 00
[1767929135] → SEND (21 bytes): 50 00 00 FF FF 03 00 0A 00 00 00 01 04 00 00 A8 78 00 00 01 00
[1767929135] → SEND (21 bytes): 50 00 00 FF FF 03 00 0A 00 00 00 01 04 00 00 A8 78 00 00 01 00
[1767929136] → SEND (21 bytes): 50 00 00 FF FF 03 00 0A 00 00 00 01 04 00 00 A8 78 00 00 01 00
[1767929137] → SEND (21 bytes): 50 00 00 FF FF 03 00 0A 00 00 00 01 04 00 00 A8 78 00 00 01 00
[1767929137] → SEND (21 bytes): 50 00 00 FF FF 03 00 0A 00 00 00 01 04 00 00 A8 78 00 00 01 00
[1767929138] → SEND (21 bytes): 50 00 00 FF FF 03 00 0A 00 00 00 01 04 00 00 A8 78 00 00 01 00
[1767929138] → SEND (21 bytes): 50 00 00 FF FF 03 00 0A 00 00 00 01 04 00 00 A8 78 00 00 01 00
[1767929139] → SEND (21 bytes): 50 00 00 FF FF 03 00 0A 00 00 00 01 04 00 00 A8 78 00 00 01 00
[1767929139] → SEND (21 bytes): 50 00 00 FF FF 03 00 0A 00 00 00 01 04 00 00 A8 78 00 00 01 00
[1767929140] → SEND (21 bytes): 50 00 00 FF FF 03 00 0A 00 00 00 01 04 00 00 A8 78 00 00 01 00
[1767929140] → SEND (21 bytes): 50 00 00 FF FF 03 00 0A 00 00 00 01 04 00 00 A8 78 00 00 01 00
[1767929141] → SEND (21 bytes): 50 00 00 FF FF 03 00 0A 00 00 00 01 04 00 00 A8 78 00 00 01 00
[1767929141] → SEND (21 bytes): 50 00 00 FF FF 03 00 0A 00 00 00 01 04 00 00 A8 78 00 00 01 00
[1767929142] → SEND (21 bytes): 50 00 00 FF FF 03 00 0A 00 00 00 01 04 00 00 A8 78 00 00 01 00
[1767929142] → SEND (21 bytes): 50 00 00 FF FF 03 00 0A 00 00 00 01 04 00 00 A8 78 00 00 01 00
[1767929143] → SEND (21 bytes): 50 00 00 FF FF 03 00 0A 00 00 00 01 04 00 00 A8 78 00 00 01 00
[1767929144] → SEND (21 bytes): 50 00 00 FF FF 03 00 0A 00 00 00 01 04 00 00 A8 78 00 00 01 00
[1767929144] → SEND (21 bytes): 50 00 00 FF FF 03 00 0A 00 00 00 01 04 00 00 A8 78 00 00 01 00
[1767929145] → SEND (21 bytes): 50 00 00 FF FF 03 00 0A 00 00 00 01 04 00 00 A8 78 00 00 01 00
[1767929145] → SEND (21 bytes): 50 00 00 FF FF 03 00 0A 00 00 00 01 04 00 00 A8 78 00 00 01 00
[1767929146] → SEND (21 bytes): 50 00 00 FF FF 03 00 0A 00 00 00 01 04 00 00 A8 78 00 00 01 00
[1767929146] → SEND (21 bytes): 50 00 00 FF FF 03 00 0A 00 00 00 01 04 00 00 A8 78 00 00 01 00
[1767929147] → SEND (21 bytes): 50 00 00 FF FF 03 00 0A 00 00 00 01 04 00 00 A8 78 00 00 01 00
[1767929147] → SEND (21 bytes): 50 00 00 FF FF 03 00 0A 00 00 00 01 04 00 00 A8 78 00 00 01 00
[1767929148] → SEND (21 bytes): 50 00 00 FF FF 03 00 0A 00 00 00 01 04 00 00 A8 78 00 00 01 00
[1767929148] → SEND (21 bytes): 50 00 00 FF FF 03 00 0A 00 00 00 01 04 00 00 A8 78 00 00 01 00
[1767929149] → SEND (21 bytes): 50 00 00 FF FF 03 00 0A 00 00 00 01 04 00 00 A8 78 00 00 01 00
[1767929149] → SEND (21 bytes): 50 00 00 FF FF 03 00 0A 00 00 00 01 04 00 00 A8 78 00 00 01 00
[1767929150] → SEND (21 bytes): 50 00 00 FF FF 03 00 0A 00 00 00 01 04 00 00 A8 78 00 00 01 00
[1767929151] → SEND (21 bytes): 50 00 00 FF FF 03 00 0A 00 00 00 01 04 00 00 A8 78 00 00 01 00
[1767929151] → SEND (21 bytes): 50 00 00 FF FF 03 00 0A 00 00 00 01 04 00 00 A8 78 00 00 01 00
[1767929152] → SEND (21 bytes): 50 00 00 FF FF 03 00 0A 00 00 00 01 04 00 00 A8 78 00 00 01 00
[1767929152] → SEND (21 bytes): 50 00 00 FF FF 03 00 0A 00 00 00 01 04 00 00 A8 78 00 00 01 00
[1767929153] → SEND (21 bytes): 50 00 00 FF FF 03 00 0A 00 00 00 01 04 00 00 A8 78 00 00 01 00
[1767929153] → SEND (21 bytes): 50 00 00 FF FF 03 00 0A 00 00 00 01 04 00 00 A8 78 00 00 01 00
[1767929154] → SEND (21 bytes): 50 00 00 FF FF 03 00 0A 00 00 00 01 04 00 00 A8 78 00 00 01 00
[1767929154] → SEND (21 bytes): 50 00 00 FF FF 03 00 0A 00 00 00 01 04 00 00 A8 78 00 00 01 00
[1767929155] → SEND (21 bytes): 50 00 00 FF FF 03 00 0A 00 00 00 01 04 00 00 A8 78 00 00 01 00
[1767929155] → SEND (21 bytes): 50 00 00 FF FF 03 00 0A 00 00 00 01 04 00 00 A8 78 00 00 01 00
[1767929156] → SEND (21 bytes): 50 00 00 FF FF 03 00 0A 00 00 00 01 04 00 00 A8 78 00 00 01 00
[1767929156] → SEND (21 bytes): 50 00 00 FF FF 03 00 0A 00 00 00 01 04 00 00 A8 78 00 00 01 00
[1767929157] → SEND (21 bytes): 50 00 00 FF FF 03 00 0A 00 00 00 01 04 00 00 A8 78 00 00 01 00
[1767929157] → SEND (21 bytes): 50 00 00 FF FF 03 00 0A 00 00 00 01 04 00 00 A8 78 00 00 01 00
[1767929158] → SEND (21 bytes): 50 00 00 FF FF 03 00 0A 00 00 00 01 04 00 00 A8 78 00 00 01 00
[1767929159] → SEND (21 bytes): 50 00 00 FF FF 03 00 0A 00 00 00 01 04 00 00 A8 78 00 00 01 00
[1767929159] → SEND (21 bytes): 50 00 00 FF FF 03 00 0A 00 00 00 01 04 00 00 A8 78 00 00 01 00
[1767929160] → SEND (21 bytes): 50 00 00 FF FF 03 00 0A 00 00 00 01 04 00 00 A8 78 00 00 01 00
[1767929160] → SEND (21 bytes): 50 00 00 FF FF 03 00 0A 00 00 00 01 04 00 00 A8 78 00 00 01 00
[1767929161] → SEND (21 bytes): 50 00 00 FF FF 03 00 0A 00 00 00 01 04 00 00 A8 78 00 00 01 00
[1767929161] → SEND (21 bytes): 50 00 00 FF FF 03 00 0A 00 00 00 01 04 00 00 A8 78 00 00 01 00
[1767929162] → SEND (21 bytes): 50 00 00 FF FF 03 00 0A 00 00 00 01 04 00 00 A8 78 00 00 01 00
[1767929162] → SEND (21 bytes): 50 00 00 FF FF 03 00 0A 00 00 00 01 04 00 00 A8 78 00 00 01 00
[1767929163] → SEND (21 bytes): 50 00 00 FF FF 03 00 0A 00 00 00 01 04 00 00 A8 78 00 00 01 00
[1767929163] → SEND (21 bytes): 50 00 00 FF FF 03 00 0A 00 00 00 01 04 00 00 A8 78 00 00 01 00
[1767929164] → SEND (21 bytes): 50 00 00 FF FF 03 00 0A 00 00 00 01 04 00 00 A8 78 00 00 01 00
[1767929164] → SEND (21 bytes): 50 00 00 FF FF 03 00 0A 00 00 00 01 04 00 00 A8 78 00 00 01 00
[1767929165] → SEND (21 bytes): 50 00 00 FF FF 03 00 0A 00 00 00 01 04 00 00 A8 78 00 00 01 00
[1767929166] → SEND (21 bytes): 50 00 00 FF FF 03 00 0A 00 00 00 01 04 00 00 A8 78 00 00 01 00
[1767929166] → SEND (21 bytes): 50 00 00 FF FF 03 00 0A 00 00 00 01 04 00 00 A8 78 00 00 01 00
[1767929167] → SEND (21 bytes): 50 00 00 FF FF 03 00 0A 00 00 00 01 04 00 00 A8 78 00 00 01 00
[1767929167] → SEND (21 bytes): 50 00 00 FF FF 03 00 0A 00 00 00 01 04 00 00 A8 78 00 00 01 00
[1767929168] → SEND (21 bytes): 50 00 00 FF FF 03 00 0A 00 00 00 01 04 00 00 A8 78 00 00 01 00
[1767929168] → SEND (21 bytes): 50 00 00 FF FF 03 00 0A 00 00 00 01 04 00 00 A8 78 00 00 01 00
[1767929169] → SEND (21 bytes): 50 00 00 FF FF 03 00 0A 00 00 00 01 04 00 00 A8 78 00 00 01 00
[1767929169] → SEND (21 bytes): 50 00 00 FF FF 03 00 0A 00 00 00 01 04 00 00 A8 78 00 00 01 00
[1767929170] → SEND (21 bytes): 50 00 00 FF FF 03 00 0A 00 00 00 01 04 00 00 A8 78 00 00 01 00
[1767929170] → SEND (21 bytes): 50 00 00 FF FF 03 00 0A 00 00 00 01 04 00 00 A8 78 00 00 01 00
[1767929171] → SEND (21 bytes): 50 00 00 FF FF 03 00 0A 00 00 00 01 04 00 00 A8 78 00 00 01 00
[1767929171] → SEND (21 bytes): 50 00 00 FF FF 03 00 0A 00 00 00 01 04 00 00 A8 78 00 00 01 00
[1767929172] → SEND (21 bytes): 50 00 00 FF FF 03 00 0A 00 00 00 01 04 00 00 A8 78 00 00 01 00
[1767929172] → SEND (21 bytes): 50 00 00 FF FF 03 00 0A 00 00 00 01 04 00 00 A8 78 00 00 01 00
[1767929173] → SEND (21 bytes): 50 00 00 FF FF 03 00 0A 00 00 00 01 04 00 00 A8 78 00 00 01 00
[1767929174] → SEND (21 bytes): 50 00 00 FF FF 03 00 0A 00 00 00 01 04 00 00 A8 78 00 00 01 00
[1767929174] → SEND (21 bytes): 50 00 00 FF FF 03 00 0A 00 00 00 01 04 00 00 A8 78 00 00 01 00
[1767929175] → SEND (21 bytes): 50 00 00 FF FF 03 00 0A 00 00 00 01 04 00 00 A8 78 00 00 01 00
[1767929175] → SEND (21 bytes): 50 00 00 FF FF 03 00 0A 00 00 00 01 04 00 00 A8 78 00 00 01 00
[1767929176] → SEND (21 bytes): 50 00 00 FF FF 03 00 0A 00 00 00 01 04 00 00 A8 78 00 00 01 00
[1767929176] → SEND (21 bytes): 50 00 00 FF FF 03 00 0A 00 00 00 01 04 00 00 A8 78 00 00 01 00
[1767929177] → SEND (21 bytes): 50 00 00 FF FF 03 00 0A 00 00 00 01 04 00 00 A8 78 00 00 01 00
[1767929177] → SEND (21 bytes): 50 00 00 FF FF 03 00 0A 00 00 00 01 04 00 00 A8 78 00 00 01 00
[1767929178] → SEND (21 bytes): 50 00 00 FF FF 03 00 0A 00 00 00 01 04 00 00 A8 78 00 00 01 00
[1767929178] → SEND (21 bytes): 50 00 00 FF FF 03 00 0A 00 00 00 01 04 00 00 A8 78 00 00 01 00
[1767929179] → SEND (21 bytes): 50 00 00 FF FF 03 00 0A 00 00 00 01 04 00 00 A8 78 00 00 01 00
[1767929179] → SEND (21 bytes): 50 00 00 FF FF 03 00 0A 00 00 00 01 04 00 00 A8 78 00 00 01 00
[1767929180] → SEND (21 bytes): 50 00 00 FF FF 03 00 0A 00 00 00 01 04 00 00 A8 78 00 00 01 00
[1767929181] → SEND (21 bytes): 50 00 00 FF FF 03 00 0A 00 00 00 01 04 00 00 A8 78 00 00 01 00
[1767929181] → SEND (21 bytes): 50 00 00 FF FF 03 00 0A 00 00 00 01 04 00 00 A8 78 00 00 01 00
[1767929182] → SEND (21 bytes): 50 00 00 FF FF 03 00 0A 00 00 00 01 04 00 00 A8 78 00 00 01 00
[1767929182] → SEND (21 bytes): 50 00 00 FF FF 03 00 0A 00 00 00 01 04 00 00 A8 78 00 00 01 00
[1767929183] → SEND (21 bytes): 50 00 00 FF FF 03 00 0A 00 00 00 01 04 00 00 A8 78 00 00 01 00
[1767929183] → SEND (21 bytes): 50 00 00 FF FF 03 00 0A 00 00 00 01 04 00 00 A8 78 00 00 01 00
[1767929184] → SEND (21 bytes): 50 00 00 FF FF 03 00 0A 00 00 00 01 04 00 00 A8 78 00 00 01 00
[1767929184] → SEND (21 bytes): 50 00 00 FF FF 03 00 0A 00 00 00 01 04 00 00 A8 78 00 00 01 00
[1767929185] → SEND (21 bytes): 50 00 00 FF FF 03 00 0A 00 00 00 01 04 00 00 A8 78 00 00 01 00
[1767929185] → SEND (21 bytes): 50 00 00 FF FF 03 00 0A 00 00 00 01 04 00 00 A8 78 00 00 01 00
[1767929186] → SEND (21 bytes): 50 00 00 FF FF 03 00 0A 00 00 00 01 04 00 00 A8 78 00 00 01 00
[1767929186] → SEND (21 bytes): 50 00 00 FF FF 03 00 0A 00 00 00 01 04 00 00 A8 78 00 00 01 00
[1767929187] → SEND (21 bytes): 50 00 00 FF FF 03 00 0A 00 00 00 01 04 00 00 A8 78 00 00 01 00
[1767929187] → SEND (21 bytes): 50 00 00 FF FF 03 00 0A 00 00 00 01 04 00 00 A8 78 00 00 01 00
[1767929188] → SEND (21 bytes): 50 00 00 FF FF 03 00 0A 00 00 00 01 04 00 00 A8 78 00 00 01 00
[1767929189] → SEND (21 bytes): 50 00 00 FF FF 03 00 0A 00 00 00 01 04 00 00 A8 78 00 00 01 00
[1767929189] → SEND (21 bytes): 50 00 00 FF FF 03 00 0A 00 00 00 01 04 00 00 A8 78 00 00 01 00
[1767929190] → SEND (21 bytes): 50 00 00 FF FF 03 00 0A 00 00 00 01 04 00 00 A8 78 00 00 01 00
[1767929190] → SEND (21 bytes): 50 00 00 FF FF 03 00 0A 00 00 00 01 04 00 00 A8 78 00 00 01 00
[1767929191] → SEND (21 bytes): 50 00 00 FF FF 03 00 0A 00 00 00 01 04 00 00 A8 78 00 00 01 00
[1767929191] → SEND (21 bytes): 50 00 00 FF FF 03 00 0A 00 00 00 01 04 00 00 A8 78 00 00 01 00
[1767929192] → SEND (21 bytes): 50 00 00 FF FF 03 00 0A 00 00 00 01 04 00 00 A8 78 00 00 01 00
[1767929192] → SEND (21 bytes): 50 00 00 FF FF 03 00 0A 00 00 00 01 04 00 00 A8 78 00 00 01 00
[1767929193] → SEND (21 bytes): 50 00 00 FF FF 03 00 0A 00 00 00 01 04 00 00 A8 78 00 00 01 00
[1767929193] → SEND (21 bytes): 50 00 00 FF FF 03 00 0A 00 00 00 01 04 00 00 A8 78 00 00 01 00
[1767929194] → SEND (21 bytes): 50 00 00 FF FF 03 00 0A 00 00 00 01 04 00 00 A8 78 00 00 01 00
[1767929194] → SEND (21 bytes): 50 00 00 FF FF 03 00 0A 00 00 00 01 04 00 00 A8 78 00 00 01 00
[1767929195] → SEND (21 bytes): 50 00 00 FF FF 03 00 0A 00 00 00 01 04 00 00 A8 78 00 00 01 00
[1767929196] → SEND (21 bytes): 50 00 00 FF FF 03 00 0A 00 00 00 01 04 00 00 A8 78 00 00 01 00
[1767929196] → SEND (21 bytes): 50 00 00 FF FF 03 00 0A 00 00 00 01 04 00 00 A8 78 00 00 01 00
[1767929197] → SEND (21 bytes): 50 00 00 FF FF 03 00 0A 00 00 00 01 04 00 00 A8 78 00 00 01 00
[1767929197] → SEND (21 bytes): 50 00 00 FF FF 03 00 0A 00 00 00 01 04 00 00 A8 78 00 00 01 00
[1767929198] → SEND (21 bytes): 50 00 00 FF FF 03 00 0A 00 00 00 01 04 00 00 A8 78 00 00 01 00
[1767929198] → SEND (21 bytes): 50 00 00 FF FF 03 00 0A 00 00 00 01 04 00 00 A8 78 00 00 01 00
[1767929199] → SEND (21 bytes): 50 00 00 FF FF 03 00 0A 00 00 00 01 04 00 00 A8 78 00 00 01 00
[1767929199] → SEND (21 bytes): 50 00 00 FF FF 03 00 0A 00 00 00 01 04 00 00 A8 78 00 00 01 00
[1767929200] → SEND (21 bytes): 50 00 00 FF FF 03 00 0A 00 00 00 01 04 00 00 A8 78 00 00 01 00
[1767929200] → SEND (21 bytes): 50 00 00 FF FF 03 00 0A 00 00 00 01 04 00 00 A8 78 00 00 01 00
[1767929201] → SEND (21 bytes): 50 00 00 FF FF 03 00 0A 00 00 00 01 04 00 00 A8 78 00 00 01 00
[1767929201] → SEND (21 bytes): 50 00 00 FF FF 03 00 0A 00 00 00 01 04 00 00 A8 78 00 00 01 00
[1767929202] → SEND (21 bytes): 50 00 00 FF FF 03 00 0A 00 00 00 01 04 00 00 A8 78 00 00 01 00
[1767929203] → SEND (21 bytes): 50 00 00 FF FF 03 00 0A 00 00 00 01 04 00 00 A8 78 00 00 01 00
[1767929203] → SEND (21 bytes): 50 00 00 FF FF 03 00 0A 00 00 00 01 04 00 00 A8 78 00 00 01 00
[1767929204] → SEND (21 bytes): 50 00 00 FF FF 03 00 0A 00 00 00 01 04 00 00 A8 78 00 00 01 00
[1767929204] → SEND (21 bytes): 50 00 00 FF FF 03 00 0A 00 00 00 01 04 00 00 A8 78 00 00 01 00
[1767929205] → SEND (21 bytes): 50 00 00 FF FF 03 00 0A 00 00 00 01 04 00 00 A8 78 00 00 01 00
[1767929205] → SEND (21 bytes): 50 00 00 FF FF 03 00 0A 00 00 00 01 04 00 00 A8 78 00 00 01 00
[1767929206] → SEND (21 bytes): 50 00 00 FF FF 03 00 0A 00 00 00 01 04 00 00 A8 78 00 00 01 00
[1767929206] → SEND (21 bytes): 50 00 00 FF FF 03 00 0A 00 00 00 01 04 00 00 A8 78 00 00 01 00
[1767929207] → SEND (21 bytes): 50 00 00 FF FF 03 00 0A 00 00 00 01 04 00 00 A8 78 00 00 01 00
[1767929207] → SEND (21 bytes): 50 00 00 FF FF 03 00 0A 00 00 00 01 04 00 00 A8 78 00 00 01 00
[1767929208] → SEND (21 bytes): 50 00 00 FF FF 03 00 0A 00 00 00 01 04 00 00 A8 78 00 00 01 00
[1767929208] → SEND (21 bytes): 50 00 00 FF FF 03 00 0A 00 00 00 01 04 00 00 A8 78 00 00 01 00
[1767929209] → SEND (21 bytes): 50 00 00 FF FF 03 00 0A 00 00 00 01 04 00 00 A8 78 00 00 01 00
[1767929209] → SEND (21 bytes): 50 00 00 FF FF 03 00 0A 00 00 00 01 04 00 00 A8 78 00 00 01 00
[1767929210] → SEND (21 bytes): 50 00 00 FF FF 03 00 0A 00 00 00 01 04 00 00 A8 78 00 00 01 00
[1767929211] → SEND (21 bytes): 50 00 00 FF FF 03 00 0A 00 00 00 01 04 00 00 A8 78 00 00 01 00
[1767929211] → SEND (21 bytes): 50 00 00 FF FF 03 00 0A 00 00 00 01 04 00 00 A8 78 00 00 01 00
[1767929212] → SEND (21 bytes): 50 00 00 FF FF 03 00 0A 00 00 00 01 04 00 00 A8 78 00 00 01 00
[1767929212] → SEND (21 bytes): 50 00 00 FF FF 03 00 0A 00 00 00 01 04 00 00 A8 78 00 00 01 00
[1767929213] → SEND (21 bytes): 50 00 00 FF FF 03 00 0A 00 00 00 01 04 00 00 A8 78 00 00 01 00
[1767929213] → SEND (21 bytes): 50 00 00 FF FF 03 00 0A 00 00 00 01 04 00 00 A8 78 00 00 01 00
[1767929214] → SEND (21 bytes): 50 00 00 FF FF 03 00 0A 00 00 00 01 04 00 00 A8 78 00 00 01 00
[1767929214] → SEND (21 bytes): 50 00 00 FF FF 03 00 0A 00 00 00 01 04 00 00 A8 78 00 00 01 00
[1767929215] → SEND (21 bytes): 50 00 00 FF FF 03 00 0A 00 00 00 01 04 00 00 A8 78 00 00 01 00
[1767929215] → SEND (21 bytes): 50 00 00 FF FF 03 00 0A 00 00 00 01 04 00 00 A8 78 00 00 01 00
[1767929216] → SEND (21 bytes): 50 00 00 FF FF 03 00 0A 00 00 00 01 04 00 00 A8 78 00 00 01 00
[1767929216] → SEND (21 bytes): 50 00 00 FF FF 03 00 0A 00 00 00 01 04 00 00 A8 78 00 00 01 00
[1767929217] → SEND (21 bytes): 50 00 00 FF FF 03 00 0A 00 00 00 01 04 00 00 A8 78 00 00 01 00
[1767929217] → SEND (21 bytes): 50 00 00 FF FF 03 00 0A 00 00 00 01 04 00 00 A8 78 00 00 01 00
[1767929218] → SEND (21 bytes): 50 00 00 FF FF 03 00 0A 00 00 00 01 04 00 00 A8 78 00 00 01 00
[1767929219] → SEND (21 bytes): 50 00 00 FF FF 03 00 0A 00 00 00 01 04 00 00 A8 78 00 00 01 00
[1767929219] → SEND (21 bytes): 50 00 00 FF FF 03 00 0A 00 00 00 01 04 00 00 A8 78 00 00 01 00
[1767929220] → SEND (21 bytes): 50 00 00 FF FF 03 00 0A 00 00 00 01 04 00 00 A8 78 00 00 01 00
[1767929220] → SEND (21 bytes): 50 00 00 FF FF 03 00 0A 00 00 00 01 04 00 00 A8 78 00 00 01 00
[1767929221] → SEND (21 bytes): 50 00 00 FF FF 03 00 0A 00 00 00 01 04 00 00 A8 78 00 00 01 00
[1767929221] → SEND (21 bytes): 50 00 00 FF FF 03 00 0A 00 00 00 01 04 00 00 A8 78 00 00 01 00
[1767929222] → SEND (21 bytes): 50 00 00 FF FF 03 00 0A 00 00 00 01 04 00 00 A8 78 00 00 01 00
[1767929222] → SEND (21 bytes): 50 00 00 FF FF 03 00 0A 00 00 00 01 04 00 00 A8 78 00 00 01 00
[1767929223] → SEND (21 bytes): 50 00 00 FF FF 03 00 0A 00 00 00 01 04 00 00 A8 78 00 00 01 00
[1767929223] → SEND (21 bytes): 50 00 00 FF FF 03 00 0A 00 00 00 01 04 00 00 A8 78 00 00 01 00
[1767929224] → SEND (21 bytes): 50 00 00 FF FF 03 00 0A 00 00 00 01 04 00 00 A8 78 00 00 01 00
[1767929224] → SEND (21 bytes): 50 00 00 FF FF 03 00 0A 00 00 00 01 04 00 00 A8 78 00 00 01 00
[1767929225] → SEND (21 bytes): 50 00 00 FF FF 03 00 0A 00 00 00 01 04 00 00 A8 78 00 00 01 00
[1767929225] → SEND (21 bytes): 50 00 00 FF FF 03 00 0A 00 00 00 01 04 00 00 A8 78 00 00 01 00
[1767929226] → SEND (21 bytes): 50 00 00 FF FF 03 00 0A 00 00 00 01 04 00 00 A8 78 00 00 01 00
[1767929227] → SEND (21 bytes): 50 00 00 FF FF 03 00 0A 00 00 00 01 04 00 00 A8 78 00 00 01 00
[1767929227] → SEND (21 bytes): 50 00 00 FF FF 03 00 0A 00 00 00 01 04 00 00 A8 78 00 00 01 00
[1767929228] → SEND (21 bytes): 50 00 00 FF FF 03 00 0A 00 00 00 01 04 00 00 A8 78 00 00 01 00
[1767929228] → SEND (21 bytes): 50 00 00 FF FF 03 00 0A 00 00 00 01 04 00 00 A8 78 00 00 01 00
[1767929229] → SEND (21 bytes): 50 00 00 FF FF 03 00 0A 00 00 00 01 04 00 00 A8 78 00 00 01 00
[1767929229] → SEND (21 bytes): 50 00 00 FF FF 03 00 0A 00 00 00 01 04 00 00 A8 78 00 00 01 00
[1767929230] → SEND (21 bytes): 50 00 00 FF FF 03 00 0A 00 00 00 01 04 00 00 A8 78 00 00 01 00
[1767929230] → SEND (21 bytes): 50 00 00 FF FF 03 00 0A 00 00 00 01 04 00 00 A8 78 00 00 01 00
[1767929231] → SEND (21 bytes): 50 00 00 FF FF 03 00 0A 00 00 00 01 04 00 00 A8 78 00 00 01 00
[1767929231] → SEND (21 bytes): 50 00 00 FF FF 03 00 0A 00 00 00 01 04 00 00 A8 78 00 00 01 00
[1767929232] → SEND (21 bytes): 50 00 00 FF FF 03 00 0A 00 00 00 01 04 00 00 A8 78 00 00 01 00
[1767929232] → SEND (21 bytes): 50 00 00 FF FF 03 00 0A 00 00 00 01 04 00 00 A8 78 00 00 01 00
[1767929233] → SEND (21 bytes): 50 00 00 FF FF 03 00 0A 00 00 00 01 04 00 00 A8 78 00 00 01 00
[1767929234] → SEND (21 bytes): 50 00 00 FF FF 03 00 0A 00 00 00 01 04 00 00 A8 78 00 00 01 00
[1767929234] → SEND (21 bytes): 50 00 00 FF FF 03 00 0A 00 00 00 01 04 00 00 A8 78 00 00 01 00
[1767929235] → SEND (21 bytes): 50 00 00 FF FF 03 00 0A 00 00 00 01 04 00 00 A8 78 00 00 01 00
[1767929235] → SEND (21 bytes): 50 00 00 FF FF 03 00 0A 00 00 00 01 04 00 00 A8 78 00 00 01 00
[1767929236] → SEND (21 bytes): 50 00 00 FF FF 03 00 0A 00 00 00 01 04 00 00 A8 78 00 00 01 00
[1767929236] → SEND (21 bytes): 50 00 00 FF FF 03 00 0A 00 00 00 01 04 00 00 A8 78 00 00 01 00
[1767929237] → SEND (21 bytes): 50 00 00 FF FF 03 00 0A 00 00 00 01 04 00 00 A8 78 00 00 01 00
[1767929237] → SEND (21 bytes): 50 00 00 FF FF 03 00 0A 00 00 00 01 04 00 00 A8 78 00 00 01 00
[1767929238] → SEND (21 bytes): 50 00 00 FF FF 03 00 0A 00 00 00 01 04 00 00 A8 78 00 00 01 00
[1767929238] → SEND (21 bytes): 50 00 00 FF FF 03 00 0A 00 00 00 01 04 00 00 A8 78 00 00 01 00
[1767929239] → SEND (21 bytes): 50 00 00 FF FF 03 00 0A 00 00 00 01 04 00 00 A8 78 00 00 01 00
[1767929239] → SEND (21 bytes): 50 00 00 FF FF 03 00 0A 00 00 00 01 04 00 00 A8 78 00 00 01 00
[1767929240] → SEND (21 bytes): 50 00 00 FF FF 03 00 0A 00 00 00 01 04 00 00 A8 78 00 00 01 00
[1767929240] → SEND (21 bytes): 50 00 00 FF FF 03 00 0A 00 00 00 01 04 00 00 A8 78 00 00 01 00
[1767929241] → SEND (21 bytes): 50 00 00 FF FF 03 00 0A 00 00 00 01 04 00 00 A8 78 00 00 01 00
[1767929242] → SEND (21 bytes): 50 00 00 FF FF 03 00 0A 00 00 00 01 04 00 00 A8 78 00 00 01 00
[1767929242] → SEND (21 bytes): 50 00 00 FF FF 03 00 0A 00 00 00 01 04 00 00 A8 78 00 00 01 00
[1767929243] → SEND (21 bytes): 50 00 00 FF FF 03 00 0A 00 00 00 01 04 00 00 A8 78 00 00 01 00
[1767929243] → SEND (21 bytes): 50 00 00 FF FF 03 00 0A 00 00 00 01 04 00 00 A8 78 00 00 01 00
[1767929244] → SEND (21 bytes): 50 00 00 FF FF 03 00 0A 00 00 00 01 04 00 00 A8 78 00 00 01 00
[1767929244] → SEND (21 bytes): 50 00 00 FF FF 03 00 0A 00 00 00 01 04 00 00 A8 78 00 00 01 00
[1767929245] → SEND (21 bytes): 50 00 00 FF FF 03 00 0A 00 00 00 01 04 00 00 A8 78 00 00 01 00
[1767929245] → SEND (21 bytes): 50 00 00 FF FF 03 00 0A 00 00 00 01 04 00 00 A8 78 00 00 01 00
[1767929246] → SEND (21 bytes): 50 00 00 FF FF 03 00 0A 00 00 00 01 04 00 00 A8 78 00 00 01 00
[1767929246] → SEND (21 bytes): 50 00 00 FF FF 03 00 0A 00 00 00 01 04 00 00 A8 78 00 00 01 00
[1767929247] → SEND (21 bytes): 50 00 00 FF FF 03 00 0A 00 00 00 01 04 00 00 A8 78 00 00 01 00
[1767929247] → SEND (21 bytes): 50 00 00 FF FF 03 00 0A 00 00 00 01 04 00 00 A8 78 00 00 01 00
[1767929248] → SEND (21 bytes): 50 00 00 FF FF 03 00 0A 00 00 00 01 04 00 00 A8 78 00 00 01 00
[1767929249] → SEND (21 bytes): 50 00 00 FF FF 03 00 0A 00 00 00 01 04 00 00 A8 78 00 00 01 00
[1767929249] → SEND (21 bytes): 50 00 00 FF FF 03 00 0A 00 00 00 01 04 00 00 A8 78 00 00 01 00
[1767929250] → SEND (21 bytes): 50 00 00 FF FF 03 00 0A 00 00 00 01 04 00 00 A8 78 00 00 01 00
[1767929250] → SEND (21 bytes): 50 00 00 FF FF 03 00 0A 00 00 00 01 04 00 00 A8 78 00 00 01 00
[1767929251] → SEND (21 bytes): 50 00 00 FF FF 03 00 0A 00 00 00 01 04 00 00 A8 78 00 00 01 00
[1767929251] → SEND (21 bytes): 50 00 00 FF FF 03 00 0A 00 00 00 01 04 00 00 A8 78 00 00 01 00
[1767929252] → SEND (21 bytes): 50 00 00 FF FF 03 00 0A 00 00 00 01 04 00 00 A8 78 00 00 01 00
[1767929252] → SEND (21 bytes): 50 00 00 FF FF 03 00 0A 00 00 00 01 04 00 00 A8 78 00 00 01 00
[1767929253] → SEND (21 bytes): 50 00 00 FF FF 03 00 0A 00 00 00 01 04 00 00 A8 78 00 00 01 00
[1767929253] → SEND (21 bytes): 50 00 00 FF FF 03 00 0A 00 00 00 01 04 00 00 A8 78 00 00 01 00
[1767929254] → SEND (21 bytes): 50 00 00 FF FF 03 00 0A 00 00 00 01 04 00 00 A8 78 00 00 01 00
[1767929254] → SEND (21 bytes): 50 00 00 FF FF 03 00 0A 00 00 00 01 04 00 00 A8 78 00 00 01 00
[1767929255] → SEND (21 bytes): 50 00 00 FF FF 03 00 0A 00 00 00 01 04 00 00 A8 78 00 00 01 00
[1767929255] → SEND (21 bytes): 50 00 00 FF FF 03 00 0A 00 00 00 01 04 00 00 A8 78 00 00 01 00
[1767929256] → SEND (21 bytes): 50 00 00 FF FF 03 00 0A 00 00 00 01 04 00 00 A8 78 00 00 01 00
[1767929257] → SEND (21 bytes): 50 00 00 FF FF 03 00 0A 00 00 00 01 04 00 00 A8 78 00 00 01 00
[1767929257] → SEND (21 bytes): 50 00 00 FF FF 03 00 0A 00 00 00 01 04 00 00 A8 78 00 00 01 00
[1767929258] → SEND (21 bytes): 50 00 00 FF FF 03 00 0A 00 00 00 01 04 00 00 A8 78 00 00 01 00
[1767929258] → SEND (21 bytes): 50 00 00 FF FF 03 00 0A 00 00 00 01 04 00 00 A8 78 00 00 01 00
[1767929259] → SEND (21 bytes): 50 00 00 FF FF 03 00 0A 00 00 00 01 04 00 00 A8 78 00 00 01 00
[1767929259] → SEND (21 bytes): 50 00 00 FF FF 03 00 0A 00 00 00 01 04 00 00 A8 78 00 00 01 00
[1767929260] → SEND (21 bytes): 50 00 00 FF FF 03 00 0A 00 00 00 01 04 00 00 A8 78 00 00 01 00
[1767929260] → SEND (21 bytes): 50 00 00 FF FF 03 00 0A 00 00 00 01 04 00 00 A8 78 00 00 01 00
[1767929261] → SEND (21 bytes): 50 00 00 FF FF 03 00 0A 00 00 00 01 04 00 00 A8 78 00 00 01 00
[1767929261] → SEND (21 bytes): 50 00 00 FF FF 03 00 0A 00 00 00 01 04 00 00 A8 78 00 00 01 00
[1767929262] → SEND (21 bytes): 50 00 00 FF FF 03 00 0A 00 00 00 01 04 00 00 A8 78 00 00 01 00
[1767929262] → SEND (21 bytes): 50 00 00 FF FF 03 00 0A 00 00 00 01 04 00 00 A8 78 00 00 01 00
[1767929263] → SEND (21 bytes): 50 00 00 FF FF 03 00 0A 00 00 00 01 04 00 00 A8 78 00 00 01 00
[1767929264] → SEND (21 bytes): 50 00 00 FF FF 03 00 0A 00 00 00 01 04 00 00 A8 78 00 00 01 00
[1767929264] → SEND (21 bytes): 50 00 00 FF FF 03 00 0A 00 00 00 01 04 00 00 A8 78 00 00 01 00
[1767929265] → SEND (21 bytes): 50 00 00 FF FF 03 00 0A 00 00 00 01 04 00 00 A8 78 00 00 01 00
[1767929265] → SEND (21 bytes): 50 00 00 FF FF 03 00 0A 00 00 00 01 04 00 00 A8 78 00 00 01 00
[1767929266] → SEND (21 bytes): 50 00 00 FF FF 03 00 0A 00 00 00 01 04 00 00 A8 78 00 00 01 00
[1767929266] → SEND (21 bytes): 50 00 00 FF FF 03 00 0A 00 00 00 01 04 00 00 A8 78 00 00 01 00
[1767929267] → SEND (21 bytes): 50 00 00 FF FF 03 00 0A 00 00 00 01 04 00 00 A8 78 00 00 01 00
[1767929267] → SEND (21 bytes): 50 00 00 FF FF 03 00 0A 00 00 00 01 04 00 00 A8 78 00 00 01 00
[1767929268] → SEND (21 bytes): 50 00 00 FF FF 03 00 0A 00 00 00 01 04 00 00 A8 78 00 00 01 00
[1767929268] → SEND (21 bytes): 50 00 00 FF FF 03 00 0A 00 00 00 01 04 00 00 A8 78 00 00 01 00
[1767929269] → SEND (21 bytes): 50 00 00 FF FF 03 00 0A 00 00 00 01 04 00 00 A8 78 00 00 01 00
[1767929269] → SEND (21 bytes): 50 00 00 FF FF 03 00 0A 00 00 00 01 04 00 00 A8 78 00 00 01 00
[1767929270] → SEND (21 bytes): 50 00 00 FF FF 03 00 0A 00 00 00 01 04 00 00 A8 78 00 00 01 00
[1767929271] → SEND (21 bytes): 50 00 00 FF FF 03 00 0A 00 00 00 01 04 00 00 A8 78 00 00 01 00
[1767929271] → SEND (21 bytes): 50 00 00 FF FF 03 00 0A 00 00 00 01 04 00 00 A8 78 00 00 01 00
[1767929272] → SEND (21 bytes): 50 00 00 FF FF 03 00 0A 00 00 00 01 04 00 00 A8 78 00 00 01 00
[1767929272] → SEND (21 bytes): 50 00 00 FF FF 03 00 0A 00 00 00 01 04 00 00 A8 78 00 00 01 00
[1767929273] → SEND (21 bytes): 50 00 00 FF FF 03 00 0A 00 00 00 01 04 00 00 A8 78 00 00 01 00
[1767929273] → SEND (21 bytes): 50 00 00 FF FF 03 00 0A 00 00 00 01 04 00 00 A8 78 00 00 01 00
[1767929274] → SEND (21 bytes): 50 00 00 FF FF 03 00 0A 00 00 00 01 04 00 00 A8 78 00 00 01 00
[1767929274] → SEND (21 bytes): 50 00 00 FF FF 03 00 0A 00 00 00 01 04 00 00 A8 78 00 00 01 00
[1767929275] → SEND (21 bytes): 50 00 00 FF FF 03 00 0A 00 00 00 01 04 00 00 A8 78 00 00 01 00
[1767929275] → SEND (21 bytes): 50 00 00 FF FF 03 00 0A 00 00 00 01 04 00 00 A8 78 00 00 01 00
[1767929276] → SEND (21 bytes): 50 00 00 FF FF 03 00 0A 00 00 00 01 04 00 00 A8 78 00 00 01 00
[1767929276] → SEND (21 bytes): 50 00 00 FF FF 03 00 0A 00 00 00 01 04 00 00 A8 78 00 00 01 00
[1767929277] → SEND (21 bytes): 50 00 00 FF FF 03 00 0A 00 00 00 01 04 00 00 A8 78 00 00 01 00
[1767929277] → SEND (21 bytes): 50 00 00 FF FF 03 00 0A 00 00 00 01 04 00 00 A8 78 00 00 01 00
[1767929278] → SEND (21 bytes): 50 00 00 FF FF 03 00 0A 00 00 00 01 04 00 00 A8 78 00 00 01 00
[1767929279] → SEND (21 bytes): 50 00 00 FF FF 03 00 0A 00 00 00 01 04 00 00 A8 78 00 00 01 00
[1767929279] → SEND (21 bytes): 50 00 00 FF FF 03 00 0A 00 00 00 01 04 00 00 A8 78 00 00 01 00
[1767929280] → SEND (21 bytes): 50 00 00 FF FF 03 00 0A 00 00 00 01 04 00 00 A8 78 00 00 01 00
[1767929280] → SEND (21 bytes): 50 00 00 FF FF 03 00 0A 00 00 00 01 04 00 00 A8 78 00 00 01 00
[1767929281] → SEND (21 bytes): 50 00 00 FF FF 03 00 0A 00 00 00 01 04 00 00 A8 78 00 00 01 00
[1767929281] → SEND (21 bytes): 50 00 00 FF FF 03 00 0A 00 00 00 01 04 00 00 A8 78 00 00 01 00
[1767929282] → SEND (21 bytes): 50 00 00 FF FF 03 00 0A 00 00 00 01 04 00 00 A8 78 00 00 01 00
[1767929282] → SEND (21 bytes): 50 00 00 FF FF 03 00 0A 00 00 00 01 04 00 00 A8 78 00 00 01 00
[1767929283] → SEND (21 bytes): 50 00 00 FF FF 03 00 0A 00 00 00 01 04 00 00 A8 78 00 00 01 00
[1767929283] → SEND (21 bytes): 50 00 00 FF FF 03 00 0A 00 00 00 01 04 00 00 A8 78 00 00 01 00
[1767929284] → SEND (21 bytes): 50 00 00 FF FF 03 00 0A 00 00 00 01 04 00 00 A8 78 00 00 01 00
[1767929284] → SEND (21 bytes): 50 00 00 FF FF 03 00 0A 00 00 00 01 04 00 00 A8 78 00 00 01 00
[1767929285] → SEND (21 bytes): 50 00 00 FF FF 03 00 0A 00 00 00 01 04 00 00 A8 78 00 00 01 00
[1767929286] → SEND (21 bytes): 50 00 00 FF FF 03 00 0A 00 00 00 01 04 00 00 A8 78 00 00 01 00
[1767929286] → SEND (21 bytes): 50 00 00 FF FF 03 00 0A 00 00 00 01 04 00 00 A8 78 00 00 01 00
[1767929287] → SEND (21 bytes): 50 00 00 FF FF 03 00 0A 00 00 00 01 04 00 00 A8 78 00 00 01 00
[1767929287] → SEND (21 bytes): 50 00 00 FF FF 03 00 0A 00 00 00 01 04 00 00 A8 78 00 00 01 00
[1767929288] → SEND (21 bytes): 50 00 00 FF FF 03 00 0A 00 00 00 01 04 00 00 A8 78 00 00 01 00
[1767929288] → SEND (21 bytes): 50 00 00 FF FF 03 00 0A 00 00 00 01 04 00 00 A8 78 00 00 01 00
[1767929289] → SEND (21 bytes): 50 00 00 FF FF 03 00 0A 00 00 00 01 04 00 00 A8 78 00 00 01 00
[1767929289] → SEND (21 bytes): 50 00 00 FF FF 03 00 0A 00 00 00 01 04 00 00 A8 78 00 00 01 00
[1767929290] → SEND (21 bytes): 50 00 00 FF FF 03 00 0A 00 00 00 01 04 00 00 A8 78 00 00 01 00
[1767929290] → SEND (21 bytes): 50 00 00 FF FF 03 00 0A 00 00 00 01 04 00 00 A8 78 00 00 01 00
[1767929291] → SEND (21 bytes): 50 00 00 FF FF 03 00 0A 00 00 00 01 04 00 00 A8 78 00 00 01 00
[1767929291] → SEND (21 bytes): 50 00 00 FF FF 03 00 0A 00 00 00 01 04 00 00 A8 78 00 00 01 00
[1767929292] → SEND (21 bytes): 50 00 00 FF FF 03 00 0A 00 00 00 01 04 00 00 A8 78 00 00 01 00
[1767929292] → SEND (21 bytes): 50 00 00 FF FF 03 00 0A 00 00 00 01 04 00 00 A8 78 00 00 01 00
[1767929293] → SEND (21 bytes): 50 00 00 FF FF 03 00 0A 00 00 00 01 04 00 00 A8 78 00 00 01 00
[1767929294] → SEND (21 bytes): 50 00 00 FF FF 03 00 0A 00 00 00 01 04 00 00 A8 78 00 00 01 00
[1767929294] → SEND (21 bytes): 50 00 00 FF FF 03 00 0A 00 00 00 01 04 00 00 A8 78 00 00 01 00
[1767929295] → SEND (21 bytes): 50 00 00 FF FF 03 00 0A 00 00 00 01 04 00 00 A8 78 00 00 01 00
[1767929295] → SEND (21 bytes): 50 00 00 FF FF 03 00 0A 00 00 00 01 04 00 00 A8 78 00 00 01 00
[1767929296] → SEND (21 bytes): 50 00 00 FF FF 03 00 0A 00 00 00 01 04 00 00 A8 78 00 00 01 00
[1767929296] → SEND (21 bytes): 50 00 00 FF FF 03 00 0A 00 00 00 01 04 00 00 A8 78 00 00 01 00
[1767929297] → SEND (21 bytes): 50 00 00 FF FF 03 00 0A 00 00 00 01 04 00 00 A8 78 00 00 01 00
[1767929297] → SEND (21 bytes): 50 00 00 FF FF 03 00 0A 00 00 00 01 04 00 00 A8 78 00 00 01 00
[1767929298] → SEND (21 bytes): 50 00 00 FF FF 03 00 0A 00 00 00 01 04 00 00 A8 78 00 00 01 00
[1767929298] → SEND (21 bytes): 50 00 00 FF FF 03 00 0A 00 00 00 01 04 00 00 A8 78 00 00 01 00
[1767929299] → SEND (21 bytes): 50 00 00 FF FF 03 00 0A 00 00 00 01 04 00 00 A8 78 00 00 01 00
[1767929299] → SEND (21 bytes): 50 00 00 FF FF 03 00 0A 00 00 00 01 04 00 00 A8 78 00 00 01 00
[1767929300] → SEND (21 bytes): 50 00 00 FF FF 03 00 0A 00 00 00 01 04 00 00 A8 78 00 00 01 00
[1767929300] → SEND (21 bytes): 50 00 00 FF FF 03 00 0A 00 00 00 01 04 00 00 A8 78 00 00 01 00
[1767929301] → SEND (21 bytes): 50 00 00 FF FF 03 00 0A 00 00 00 01 04 00 00 A8 78 00 00 01 00
[1767929302] → SEND (21 bytes): 50 00 00 FF FF 03 00 0A 00 00 00 01 04 00 00 A8 78 00 00 01 00
[1767929302] → SEND (21 bytes): 50 00 00 FF FF 03 00 0A 00 00 00 01 04 00 00 A8 78 00 00 01 00
[1767929303] → SEND (21 bytes): 50 00 00 FF FF 03 00 0A 00 00 00 01 04 00 00 A8 78 00 00 01 00
[1767929303] → SEND (21 bytes): 50 00 00 FF FF 03 00 0A 00 00 00 01 04 00 00 A8 78 00 00 01 00
[1767929304] → SEND (21 bytes): 50 00 00 FF FF 03 00 0A 00 00 00 01 04 00 00 A8 78 00 00 01 00
[1767929304] → SEND (21 bytes): 50 00 00 FF FF 03 00 0A 00 00 00 01 04 00 00 A8 78 00 00 01 00
[1767929305] → SEND (21 bytes): 50 00 00 FF FF 03 00 0A 00 00 00 01 04 00 00 A8 78 00 00 01 00
[1767929305] → SEND (21 bytes): 50 00 00 FF FF 03 00 0A 00 00 00 01 04 00 00 A8 78 00 00 01 00
[1767929306] → SEND (21 bytes): 50 00 00 FF FF 03 00 0A 00 00 00 01 04 00 00 A8 78 00 00 01 00
[1767929306] → SEND (21 bytes): 50 00 00 FF FF 03 00 0A 00 00 00 01 04 00 00 A8 78 00 00 01 00
[1767929307] → SEND (21 bytes): 50 00 00 FF FF 03 00 0A 00 00 00 01 04 00 00 A8 78 00 00 01 00
[1767929307] → SEND (21 bytes): 50 00 00 FF FF 03 00 0A 00 00 00 01 04 00 00 A8 78 00 00 01 00
[1767929308] → SEND (21 bytes): 50 00 00 FF FF 03 00 0A 00 00 00 01 04 00 00 A8 78 00 00 01 00
[1767929309] → SEND (21 bytes): 50 00 00 FF FF 03 00 0A 00 00 00 01 04 00 00 A8 78 00 00 01 00
[1767929309] → SEND (21 bytes): 50 00 00 FF FF 03 00 0A 00 00 00 01 04 00 00 A8 78 00 00 01 00
[1767929310] → SEND (21 bytes): 50 00 00 FF FF 03 00 0A 00 00 00 01 04 00 00 A8 78 00 00 01 00
[1767929310] → SEND (21 bytes): 50 00 00 FF FF 03 00 0A 00 00 00 01 04 00 00 A8 78 00 00 01 00
[1767929311] → SEND (21 bytes): 50 00 00 FF FF 03 00 0A 00 00 00 01 04 00 00 A8 78 00 00 01 00
[1767929311] → SEND (21 bytes): 50 00 00 FF FF 03 00 0A 00 00 00 01 04 00 00 A8 78 00 00 01 00
[1767929312] → SEND (21 bytes): 50 00 00 FF FF 03 00 0A 00 00 00 01 04 00 00 A8 78 00 00 01 00
[1767929312] → SEND (21 bytes): 50 00 00 FF FF 03 00 0A 00 00 00 01 04 00 00 A8 78 00 00 01 00
[1767929313] → SEND (21 bytes): 50 00 00 FF FF 03 00 0A 00 00 00 01 04 00 00 A8 78 00 00 01 00
[1767929313] → SEND (21 bytes): 50 00 00 FF FF 03 00 0A 00 00 00 01 04 00 00 A8 78 00 00 01 00
[1767929314] → SEND (21 bytes): 50 00 00 FF FF 03 00 0A 00 00 00 01 04 00 00 A8 78 00 00 01 00
[1767929314] → SEND (21 bytes): 50 00 00 FF FF 03 00 0A 00 00 00 01 04 00 00 A8 78 00 00 01 00
[1767929315] → SEND (21 bytes): 50 00 00 FF FF 03 00 0A 00 00 00 01 04 00 00 A8 78 00 00 01 00
[1767929316] → SEND (21 bytes): 50 00 00 FF FF 03 00 0A 00 00 00 01 04 00 00 A8 78 00 00 01 00
[1767929316] → SEND (21 bytes): 50 00 00 FF FF 03 00 0A 00 00 00 01 04 00 00 A8 78 00 00 01 00
[1767929317] → SEND (21 bytes): 50 00 00 FF FF 03 00 0A 00 00 00 01 04 00 00 A8 78 00 00 01 00
[1767929317] → SEND (21 bytes): 50 00 00 FF FF 03 00 0A 00 00 00 01 04 00 00 A8 78 00 00 01 00
[1767929318] → SEND (21 bytes): 50 00 00 FF FF 03 00 0A 00 00 00 01 04 00 00 A8 78 00 00 01 00
[1767929318] → SEND (21 bytes): 50 00 00 FF FF 03 00 0A 00 00 00 01 04 00 00 A8 78 00 00 01 00
[1767929319] → SEND (21 bytes): 50 00 00 FF FF 03 00 0A 00 00 00 01 04 00 00 A8 78 00 00 01 00
[1767929319] → SEND (21 bytes): 50 00 00 FF FF 03 00 0A 00 00 00 01 04 00 00 A8 78 00 00 01 00
[1767929320] → SEND (21 bytes): 50 00 00 FF FF 03 00 0A 00 00 00 01 04 00 00 A8 78 00 00 01 00
[1767929320] → SEND (21 bytes): 50 00 00 FF FF 03 00 0A 00 00 00 01 04 00 00 A8 78 00 00 01 00
[1767929321] → SEND (21 bytes): 50 00 00 FF FF 03 00 0A 00 00 00 01 04 00 00 A8 78 00 00 01 00
[1767929321] → SEND (21 bytes): 50 00 00 FF FF 03 00 0A 00 00 00 01 04 00 00 A8 78 00 00 01 00
[1767929322] → SEND (21 bytes): 50 00 00 FF FF 03 00 0A 00 00 00 01 04 00 00 A8 78 00 00 01 00
[1767929322] → SEND (21 bytes): 50 00 00 FF FF 03 00 0A 00 00 00 01 04 00 00 A8 78 00 00 01 00
[1767929323] → SEND (21 bytes): 50 00 00 FF FF 03 00 0A 00 00 00 01 04 00 00 A8 78 00 00 01 00
[1767929324] → SEND (21 bytes): 50 00 00 FF FF 03 00 0A 00 00 00 01 04 00 00 A8 78 00 00 01 00
[1767929324] → SEND (21 bytes): 50 00 00 FF FF 03 00 0A 00 00 00 01 04 00 00 A8 78 00 00 01 00
[1767929325] → SEND (21 bytes): 50 00 00 FF FF 03 00 0A 00 00 00 01 04 00 00 A8 78 00 00 01 00
[1767929325] → SEND (21 bytes): 50 00 00 FF FF 03 00 0A 00 00 00 01 04 00 00 A8 78 00 00 01 00
[1767929326] → SEND (21 bytes): 50 00 00 FF FF 03 00 0A 00 00 00 01 04 00 00 A8 78 00 00 01 00
[1767929326] → SEND (21 bytes): 50 00 00 FF FF 03 00 0A 00 00 00 01 04 00 00 A8 78 00 00 01 00
[1767929327] → SEND (21 bytes): 50 00 00 FF FF 03 00 0A 00 00 00 01 04 00 00 A8 78 00 00 01 00
[1767929327] → SEND (21 bytes): 50 00 00 FF FF 03 00 0A 00 00 00 01 04 00 00 A8 78 00 00 01 00
[1767929328] → SEND (21 bytes): 50 00 00 FF FF 03 00 0A 00 00 00 01 04 00 00 A8 78 00 00 01 00
[1767929328] → SEND (21 bytes): 50 00 00 FF FF 03 00 0A 00 00 00 01 04 00 00 A8 78 00 00 01 00
[1767929329] → SEND (21 bytes): 50 00 00 FF FF 03 00 0A 00 00 00 01 04 00 00 A8 78 00 00 01 00
[1767929329] → SEND (21 bytes): 50 00 00 FF FF 03 00 0A 00 00 00 01 04 00 00 A8 78 00 00 01 00
[1767929330] → SEND (21 bytes): 50 00 00 FF FF 03 00 0A 00 00 00 01 04 00 00 A8 78 00 00 01 00
[1767929331] → SEND (21 bytes): 50 00 00 FF FF 03 00 0A 00 00 00 01 04 00 00 A8 78 00 00 01 00
[1767929331] → SEND (21 bytes): 50 00 00 FF FF 03 00 0A 00 00 00 01 04 00 00 A8 78 00 00 01 00
[1767929332] → SEND (21 bytes): 50 00 00 FF FF 03 00 0A 00 00 00 01 04 00 00 A8 78 00 00 01 00
[1767929332] → SEND (21 bytes): 50 00 00 FF FF 03 00 0A 00 00 00 01 04 00 00 A8 78 00 00 01 00
[1767929333] → SEND (21 bytes): 50 00 00 FF FF 03 00 0A 00 00 00 01 04 00 00 A8 78 00 00 01 00
[1767929333] → SEND (21 bytes): 50 00 00 FF FF 03 00 0A 00 00 00 01 04 00 00 A8 78 00 00 01 00
[1767929334] → SEND (21 bytes): 50 00 00 FF FF 03 00 0A 00 00 00 01 04 00 00 A8 78 00 00 01 00
[1767929334] → SEND (21 bytes): 50 00 00 FF FF 03 00 0A 00 00 00 01 04 00 00 A8 78 00 00 01 00
[1767929335] → SEND (21 bytes): 50 00 00 FF FF 03 00 0A 00 00 00 01 04 00 00 A8 78 00 00 01 00
[1767929335] → SEND (21 bytes): 50 00 00 FF FF 03 00 0A 00 00 00 01 04 00 00 A8 78 00 00 01 00
[1767929336] → SEND (21 bytes): 50 00 00 FF FF 03 00 0A 00 00 00 01 04 00 00 A8 78 00 00 01 00
[1767929336] → SEND (21 bytes): 50 00 00 FF FF 03 00 0A 00 00 00 01 04 00 00 A8 78 00 00 01 00
[1767929337] → SEND (21 bytes): 50 00 00 FF FF 03 00 0A 00 00 00 01 04 00 00 A8 78 00 00 01 00
[1767929337] → SEND (21 bytes): 50 00 00 FF FF 03 00 0A 00 00 00 01 04 00 00 A8 78 00 00 01 00
[1767929338] → SEND (21 bytes): 50 00 00 FF FF 03 00 0A 00 00 00 01 04 00 00 A8 78 00 00 01 00
[1767929339] → SEND (21 bytes): 50 00 00 FF FF 03 00 0A 00 00 00 01 04 00 00 A8 78 00 00 01 00
[1767929339] → SEND (21 bytes): 50 00 00 FF FF 03 00 0A 00 00 00 01 04 00 00 A8 78 00 00 01 00
[1767929340] → SEND (21 bytes): 50 00 00 FF FF 03 00 0A 00 00 00 01 04 00 00 A8 78 00 00 01 00
[1767929340] → SEND (21 bytes): 50 00 00 FF FF 03 00 0A 00 00 00 01 04 00 00 A8 78 00 00 01 00
[1767929341] → SEND (21 bytes): 50 00 00 FF FF 03 00 0A 00 00 00 01 04 00 00 A8 78 00 00 01 00
[1767929341] → SEND (21 bytes): 50 00 00 FF FF 03 00 0A 00 00 00 01 04 00 00 A8 78 00 00 01 00
[1767929342] → SEND (21 bytes): 50 00 00 FF FF 03 00 0A 00 00 00 01 04 00 00 A8 78 00 00 01 00
[1767929342] → SEND (21 bytes): 50 00 00 FF FF 03 00 0A 00 00 00 01 04 00 00 A8 78 00 00 01 00
[1767929343] → SEND (21 bytes): 50 00 00 FF FF 03 00 0A 00 00 00 01 04 00 00 A8 78 00 00 01 00
[1767929343] → SEND (21 bytes): 50 00 00 FF FF 03 00 0A 00 00 00 01 04 00 00 A8 78 00 00 01 00
[1767929344] → SEND (21 bytes): 50 00 00 FF FF 03 00 0A 00 00 00 01 04 00 00 A8 78 00 00 01 00
[1767929344] → SEND (21 bytes): 50 00 00 FF FF 03 00 0A 00 00 00 01 04 00 00 A8 78 00 00 01 00
[1767929345] → SEND (21 bytes): 50 00 00 FF FF 03 00 0A 00 00 00 01 04 00 00 A8 78 00 00 01 00
[1767929346] → SEND (21 bytes): 50 00 00 FF FF 03 00 0A 00 00 00 01 04 00 00 A8 78 00 00 01 00
[1767929346] → SEND (21 bytes): 50 00 00 FF FF 03 00 0A 00 00 00 01 04 00 00 A8 78 00 00 01 00
[1767929347] → SEND (21 bytes): 50 00 00 FF FF 03 00 0A 00 00 00 01 04 00 00 A8 78 00 00 01 00
[1767929347] → SEND (21 bytes): 50 00 00 FF FF 03 00 0A 00 00 00 01 04 00 00 A8 78 00 00 01 00
[1767929348] → SEND (21 bytes): 50 00 00 FF FF 03 00 0A 00 00 00 01 04 00 00 A8 78 00 00 01 00
[1767929348] → SEND (21 bytes): 50 00 00 FF FF 03 00 0A 00 00 00 01 04 00 00 A8 78 00 00 01 00
[1767929349] → SEND (21 bytes): 50 00 00 FF FF 03 00 0A 00 00 00 01 04 00 00 A8 78 00 00 01 00
[1767929349] → SEND (21 bytes): 50 00 00 FF FF 03 00 0A 00 00 00 01 04 00 00 A8 78 00 00 01 00
[1767929350] → SEND (21 bytes): 50 00 00 FF FF 03 00 0A 00 00 00 01 04 00 00 A8 78 00 00 01 00
[1767929350] → SEND (21 bytes): 50 00 00 FF FF 03 00 0A 00 00 00 01 04 00 00 A8 78 00 00 01 00
[1767929351] → SEND (21 bytes): 50 00 00 FF FF 03 00 0A 00 00 00 01 04 00 00 A8 78 00 00 01 00
[1767929351] → SEND (21 bytes): 50 00 00 FF FF 03 00 0A 00 00 00 01 04 00 00 A8 78 00 00 01 00
[1767929352] → SEND (21 bytes): 50 00 00 FF FF 03 00 0A 00 00 00 01 04 00 00 A8 78 00 00 01 00
[1767929353] → SEND (21 bytes): 50 00 00 FF FF 03 00 0A 00 00 00 01 04 00 00 A8 78 00 00 01 00
[1767929353] → SEND (21 bytes): 50 00 00 FF FF 03 00 0A 00 00 00 01 04 00 00 A8 78 00 00 01 00
[1767929354] → SEND (21 bytes): 50 00 00 FF FF 03 00 0A 00 00 00 01 04 00 00 A8 78 00 00 01 00
[1767929354] → SEND (21 bytes): 50 00 00 FF FF 03 00 0A 00 00 00 01 04 00 00 A8 78 00 00 01 00
[1767929355] → SEND (21 bytes): 50 00 00 FF FF 03 00 0A 00 00 00 01 04 00 00 A8 78 00 00 01 00
[1767929355] → SEND (21 bytes): 50 00 00 FF FF 03 00 0A 00 00 00 01 04 00 00 A8 78 00 00 01 00
[1767929356] → SEND (21 bytes): 50 00 00 FF FF 03 00 0A 00 00 00 01 04 00 00 A8 78 00 00 01 00
[1767929356] → SEND (21 bytes): 50 00 00 FF FF 03 00 0A 00 00 00 01 04 00 00 A8 78 00 00 01 00
[1767929357] → SEND (21 bytes): 50 00 00 FF FF 03 00 0A 00 00 00 01 04 00 00 A8 78 00 00 01 00
[1767929357] → SEND (21 bytes): 50 00 00 FF FF 03 00 0A 00 00 00 01 04 00 00 A8 78 00 00 01 00
[1767929358] → SEND (21 bytes): 50 00 00 FF FF 03 00 0A 00 00 00 01 04 00 00 A8 78 00 00 01 00
[1767929358] → SEND (21 bytes): 50 00 00 FF FF 03 00 0A 00 00 00 01 04 00 00 A8 78 00 00 01 00
[1767929359] → SEND (21 bytes): 50 00 00 FF FF 03 00 0A 00 00 00 01 04 00 00 A8 78 00 00 01 00
[1767929360] → SEND (21 bytes): 50 00 00 FF FF 03 00 0A 00 00 00 01 04 00 00 A8 78 00 00 01 00
[1767929360] → SEND (21 bytes): 50 00 00 FF FF 03 00 0A 00 00 00 01 04 00 00 A8 78 00 00 01 00
[1767929361] → SEND (21 bytes): 50 00 00 FF FF 03 00 0A 00 00 00 01 04 00 00 A8 78 00 00 01 00
[1767929361] → SEND (21 bytes): 50 00 00 FF FF 03 00 0A 00 00 00 01 04 00 00 A8 78 00 00 01 00
[1767929362] → SEND (21 bytes): 50 00 00 FF FF 03 00 0A 00 00 00 01 04 00 00 A8 78 00 00 01 00
[1767929362] → SEND (21 bytes): 50 00 00 FF FF 03 00 0A 00 00 00 01 04 00 00 A8 78 00 00 01 00
[1767929363] → SEND (21 bytes): 50 00 00 FF FF 03 00 0A 00 00 00 01 04 00 00 A8 78 00 00 01 00
[1767929363] → SEND (21 bytes): 50 00 00 FF FF 03 00 0A 00 00 00 01 04 00 00 A8 78 00 00 01 00
[1767929364] → SEND (21 bytes): 50 00 00 FF FF 03 00 0A 00 00 00 01 04 00 00 A8 78 00 00 01 00
[1767929364] → SEND (21 bytes): 50 00 00 FF FF 03 00 0A 00 00 00 01 04 00 00 A8 78 00 00 01 00
[1767929365] → SEND (21 bytes): 50 00 00 FF FF 03 00 0A 00 00 00 01 04 00 00 A8 78 00 00 01 00
[1767929365] → SEND (21 bytes): 50 00 00 FF FF 03 00 0A 00 00 00 01 04 00 00 A8 78 00 00 01 00
[1767929366] → SEND (21 bytes): 50 00 00 FF FF 03 00 0A 00 00 00 01 04 00 00 A8 78 00 00 01 00
[1767929367] → SEND (21 bytes): 50 00 00 FF FF 03 00 0A 00 00 00 01 04 00 00 A8 78 00 00 01 00
[1767929367] → SEND (21 bytes): 50 00 00 FF FF 03 00 0A 00 00 00 01 04 00 00 A8 78 00 00 01 00
[1767929368] → SEND (21 bytes): 50 00 00 FF FF 03 00 0A 00 00 00 01 04 00 00 A8 78 00 00 01 00
[1767929368] → SEND (21 bytes): 50 00 00 FF FF 03 00 0A 00 00 00 01 04 00 00 A8 78 00 00 01 00
[1767929369] → SEND (21 bytes): 50 00 00 FF FF 03 00 0A 00 00 00 01 04 00 00 A8 78 00 00 01 00
[1767929369] → SEND (21 bytes): 50 00 00 FF FF 03 00 0A 00 00 00 01 04 00 00 A8 78 00 00 01 00
[1767929370] → SEND (21 bytes): 50 00 00 FF FF 03 00 0A 00 00 00 01 04 00 00 A8 78 00 00 01 00
[1767929370] → SEND (21 bytes): 50 00 00 FF FF 03 00 0A 00 00 00 01 04 00 00 A8 78 00 00 01 00
[1767929371] → SEND (21 bytes): 50 00 00 FF FF 03 00 0A 00 00 00 01 04 00 00 A8 78 00 00 01 00
[1767929371] → SEND (21 bytes): 50 00 00 FF FF 03 00 0A 00 00 00 01 04 00 00 A8 78 00 00 01 00
[1767929372] → SEND (21 bytes): 50 00 00 FF FF 03 00 0A 00 00 00 01 04 00 00 A8 78 00 00 01 00
[1767929372] → SEND (21 bytes): 50 00 00 FF FF 03 00 0A 00 00 00 01 04 00 00 A8 78 00 00 01 00
[1767929373] → SEND (21 bytes): 50 00 00 FF FF 03 00 0A 00 00 00 01 04 00 00 A8 78 00 00 01 00
[1767929373] → SEND (21 bytes): 50 00 00 FF FF 03 00 0A 00 00 00 01 04 00 00 A8 78 00 00 01 00
[1767929374] → SEND (21 bytes): 50 00 00 FF FF 03 00 0A 00 00 00 01 04 00 00 A8 78 00 00 01 00
[1767929374] → SEND (21 bytes): 50 00 00 FF FF 03 00 0A 00 00 00 01 04 00 00 A8 78 00 00 01 00
[1767929375] → SEND (21 bytes): 50 00 00 FF FF 03 00 0A 00 00 00 01 04 00 00 A8 78 00 00 01 00
[1767929376] → SEND (21 bytes): 50 00 00 FF FF 03 00 0A 00 00 00 01 04 00 00 A8 78 00 00 01 00
[1767929376] → SEND (21 bytes): 50 00 00 FF FF 03 00 0A 00 00 00 01 04 00 00 A8 78 00 00 01 00
[1767929377] → SEND (21 bytes): 50 00 00 FF FF 03 00 0A 00 00 00 01 04 00 00 A8 78 00 00 01 00
[1767929377] → SEND (21 bytes): 50 00 00 FF FF 03 00 0A 00 00 00 01 04 00 00 A8 78 00 00 01 00
[1767929378] → SEND (21 bytes): 50 00 00 FF FF 03 00 0A 00 00 00 01 04 00 00 A8 78 00 00 01 00
[1767929378] → SEND (21 bytes): 50 00 00 FF FF 03 00 0A 00 00 00 01 04 00 00 A8 78 00 00 01 00
[1767929379] → SEND (21 bytes): 50 00 00 FF FF 03 00 0A 00 00 00 01 04 00 00 A8 78 00 00 01 00
[1767929379] → SEND (21 bytes): 50 00 00 FF FF 03 00 0A 00 00 00 01 04 00 00 A8 78 00 00 01 00
[1767929380] → SEND (21 bytes): 50 00 00 FF FF 03 00 0A 00 00 00 01 04 00 00 A8 78 00 00 01 00
[1767929380] → SEND (21 bytes): 50 00 00 FF FF 03 00 0A 00 00 00 01 04 00 00 A8 78 00 00 01 00
[1767929381] → SEND (21 bytes): 50 00 00 FF FF 03 00 0A 00 00 00 01 04 00 00 A8 78 00 00 01 00
[1767929381] → SEND (21 bytes): 50 00 00 FF FF 03 00 0A 00 00 00 01 04 00 00 A8 78 00 00 01 00
[1767929382] → SEND (21 bytes): 50 00 00 FF FF 03 00 0A 00 00 00 01 04 00 00 A8 78 00 00 01 00
[1767929382] → SEND (21 bytes): 50 00 00 FF FF 03 00 0A 00 00 00 01 04 00 00 A8 78 00 00 01 00
[1767929383] → SEND (21 bytes): 50 00 00 FF FF 03 00 0A 00 00 00 01 04 00 00 A8 78 00 00 01 00
[1767929384] → SEND (21 bytes): 50 00 00 FF FF 03 00 0A 00 00 00 01 04 00 00 A8 78 00 00 01 00
[1767929384] → SEND (21 bytes): 50 00 00 FF FF 03 00 0A 00 00 00 01 04 00 00 A8 78 00 00 01 00
[1767929385] → SEND (21 bytes): 50 00 00 FF FF 03 00 0A 00 00 00 01 04 00 00 A8 78 00 00 01 00
[1767929385] → SEND (21 bytes): 50 00 00 FF FF 03 00 0A 00 00 00 01 04 00 00 A8 78 00 00 01 00
[1767929386] → SEND (21 bytes): 50 00 00 FF FF 03 00 0A 00 00 00 01 04 00 00 A8 78 00 00 01 00
[1767929386] → SEND (21 bytes): 50 00 00 FF FF 03 00 0A 00 00 00 01 04 00 00 A8 78 00 00 01 00
[1767929387] → SEND (21 bytes): 50 00 00 FF FF 03 00 0A 00 00 00 01 04 00 00 A8 78 00 00 01 00
[1767929387] → SEND (21 bytes): 50 00 00 FF FF 03 00 0A 00 00 00 01 04 00 00 A8 78 00 00 01 00
[1767929388] → SEND (21 bytes): 50 00 00 FF FF 03 00 0A 00 00 00 01 04 00 00 A8 78 00 00 01 00
[1767929388] → SEND (21 bytes): 50 00 00 FF FF 03 00 0A 00 00 00 01 04 00 00 A8 78 00 00 01 00
[1767929389] → SEND (21 bytes): 50 00 00 FF FF 03 00 0A 00 00 00 01 04 00 00 A8 78 00 00 01 00
[1767929389] → SEND (21 bytes): 50 00 00 FF FF 03 00 0A 00 00 00 01 04 00 00 A8 78 00 00 01 00
[1767929390] → SEND (21 bytes): 50 00 00 FF FF 03 00 0A 00 00 00 01 04 00 00 A8 78 00 00 01 00
[1767929391] → SEND (21 bytes): 50 00 00 FF FF 03 00 0A 00 00 00 01 04 00 00 A8 78 00 00 01 00
[1767929391] → SEND (21 bytes): 50 00 00 FF FF 03 00 0A 00 00 00 01 04 00 00 A8 78 00 00 01 00
[1767929392] → SEND (21 bytes): 50 00 00 FF FF 03 00 0A 00 00 00 01 04 00 00 A8 78 00 00 01 00
[1767929392] → SEND (21 bytes): 50 00 00 FF FF 03 00 0A 00 00 00 01 04 00 00 A8 78 00 00 01 00
[1767929393] → SEND (21 bytes): 50 00 00 FF FF 03 00 0A 00 00 00 01 04 00 00 A8 78 00 00 01 00
[1767929393] → SEND (21 bytes): 50 00 00 FF FF 03 00 0A 00 00 00 01 04 00 00 A8 78 00 00 01 00
[1767929394] → SEND (21 bytes): 50 00 00 FF FF 03 00 0A 00 00 00 01 04 00 00 A8 78 00 00 01 00
[1767929394] → SEND (21 bytes): 50 00 00 FF FF 03 00 0A 00 00 00 01 04 00 00 A8 78 00 00 01 00
[1767929395] → SEND (21 bytes): 50 00 00 FF FF 03 00 0A 00 00 00 01 04 00 00 A8 78 00 00 01 00
[1767929395] → SEND (21 bytes): 50 00 00 FF FF 03 00 0A 00 00 00 01 04 00 00 A8 78 00 00 01 00
[1767929396] → SEND (21 bytes): 50 00 00 FF FF 03 00 0A 00 00 00 01 04 00 00 A8 78 00 00 01 00
[1767929396] → SEND (21 bytes): 50 00 00 FF FF 03 00 0A 00 00 00 01 04 00 00 A8 78 00 00 01 00
[1767929397] → SEND (21 bytes): 50 00 00 FF FF 03 00 0A 00 00 00 01 04 00 00 A8 78 00 00 01 00
[1767929397] → SEND (21 bytes): 50 00 00 FF FF 03 00 0A 00 00 00 01 04 00 00 A8 78 00 00 01 00
[1767929398] → SEND (21 bytes): 50 00 00 FF FF 03 00 0A 00 00 00 01 04 00 00 A8 78 00 00 01 00
[1767929399] → SEND (21 bytes): 50 00 00 FF FF 03 00 0A 00 00 00 01 04 00 00 A8 78 00 00 01 00
[1767929399] → SEND (21 bytes): 50 00 00 FF FF 03 00 0A 00 00 00 01 04 00 00 A8 78 00 00 01 00
[1767929400] → SEND (21 bytes): 50 00 00 FF FF 03 00 0A 00 00 00 01 04 00 00 A8 78 00 00 01 00
[1767929400] → SEND (21 bytes): 50 00 00 FF FF 03 00 0A 00 00 00 01 04 00 00 A8 78 00 00 01 00
[1767929401] → SEND (21 bytes): 50 00 00 FF FF 03 00 0A 00 00 00 01 04 00 00 A8 78 00 00 01 00
[1767929401] → SEND (21 bytes): 50 00 00 FF FF 03 00 0A 00 00 00 01 04 00 00 A8 78 00 00 01 00
[1767929402] → SEND (21 bytes): 50 00 00 FF FF 03 00 0A 00 00 00 01 04 00 00 A8 78 00 00 01 00
[1767929402] → SEND (21 bytes): 50 00 00 FF FF 03 00 0A 00 00 00 01 04 00 00 A8 78 00 00 01 00
[1767929403] → SEND (21 bytes): 50 00 00 FF FF 03 00 0A 00 00 00 01 04 00 00 A8 78 00 00 01 00
[1767929403] → SEND (21 bytes): 50 00 00 FF FF 03 00 0A 00 00 00 01 04 00 00 A8 78 00 00 01 00
[1767929404] → SEND (21 bytes): 50 00 00 FF FF 03 00 0A 00 00 00 01 04 00 00 A8 78 00 00 01 00
[1767929404] → SEND (21 bytes): 50 00 00 FF FF 03 00 0A 00 00 00 01 04 00 00 A8 78 00 00 01 00
[1767929405] → SEND (21 bytes): 50 00 00 FF FF 03 00 0A 00 00 00 01 04 00 00 A8 78 00 00 01 00
[1767929406] → SEND (21 bytes): 50 00 00 FF FF 03 00 0A 00 00 00 01 04 00 00 A8 78 00 00 01 00
[1767929406] → SEND (21 bytes): 50 00 00 FF FF 03 00 0A 00 00 00 01 04 00 00 A8 78 00 00 01 00
[1767929407] → SEND (21 bytes): 50 00 00 FF FF 03 00 0A 00 00 00 01 04 00 00 A8 78 00 00 01 00
[1767929407] → SEND (21 bytes): 50 00 00 FF FF 03 00 0A 00 00 00 01 04 00 00 A8 78 00 00 01 00
[1767929408] → SEND (21 bytes): 50 00 00 FF FF 03 00 0A 00 00 00 01 04 00 00 A8 78 00 00 01 00
[1767929408] → SEND (21 bytes): 50 00 00 FF FF 03 00 0A 00 00 00 01 04 00 00 A8 78 00 00 01 00
[1767929409] → SEND (21 bytes): 50 00 00 FF FF 03 00 0A 00 00 00 01 04 00 00 A8 78 00 00 01 00
[1767929409] → SEND (21 bytes): 50 00 00 FF FF 03 00 0A 00 00 00 01 04 00 00 A8 78 00 00 01 00
[1767929410] → SEND (21 bytes): 50 00 00 FF FF 03 00 0A 00 00 00 01 04 00 00 A8 78 00 00 01 00
[1767929410] → SEND (21 bytes): 50 00 00 FF FF 03 00 0A 00 00 00 01 04 00 00 A8 78 00 00 01 00
[1767929411] → SEND (21 bytes): 50 00 00 FF FF 03 00 0A 00 00 00 01 04 00 00 A8 78 00 00 01 00
[1767929411] → SEND (21 bytes): 50 00 00 FF FF 03 00 0A 00 00 00 01 04 00 00 A8 78 00 00 01 00
[1767929412] → SEND (21 bytes): 50 00 00 FF FF 03 00 0A 00 00 00 01 04 00 00 A8 78 00 00 01 00
[1767929413] → SEND (21 bytes): 50 00 00 FF FF 03 00 0A 00 00 00 01 04 00 00 A8 78 00 00 01 00
[1767929413] → SEND (21 bytes): 50 00 00 FF FF 03 00 0A 00 00 00 01 04 00 00 A8 78 00 00 01 00
[1767929414] → SEND (21 bytes): 50 00 00 FF FF 03 00 0A 00 00 00 01 04 00 00 A8 78 00 00 01 00
[1767929414] → SEND (21 bytes): 50 00 00 FF FF 03 00 0A 00 00 00 01 04 00 00 A8 78 00 00 01 00
[1767929415] → SEND (21 bytes): 50 00 00 FF FF 03 00 0A 00 00 00 01 04 00 00 A8 78 00 00 01 00
[1767929415] → SEND (21 bytes): 50 00 00 FF FF 03 00 0A 00 00 00 01 04 00 00 A8 78 00 00 01 00
[1767929416] → SEND (21 bytes): 50 00 00 FF FF 03 00 0A 00 00 00 01 04 00 00 A8 78 00 00 01 00
[1767929416] → SEND (21 bytes): 50 00 00 FF FF 03 00 0A 00 00 00 01 04 00 00 A8 78 00 00 01 00
[1767929417] → SEND (21 bytes): 50 00 00 FF FF 03 00 0A 00 00 00 01 04 00 00 A8 78 00 00 01 00
[1767929417] → SEND (21 bytes): 50 00 00 FF FF 03 00 0A 00 00 00 01 04 00 00 A8 78 00 00 01 00
[1767929418] → SEND (21 bytes): 50 00 00 FF FF 03 00 0A 00 00 00 01 04 00 00 A8 78 00 00 01 00
[1767929418] → SEND (21 bytes): 50 00 00 FF FF 03 00 0A 00 00 00 01 04 00 00 A8 78 00 00 01 00
[1767929419] → SEND (21 bytes): 50 00 00 FF FF 03 00 0A 00 00 00 01 04 00 00 A8 78 00 00 01 00
[1767929419] → SEND (21 bytes): 50 00 00 FF FF 03 00 0A 00 00 00 01 04 00 00 A8 78 00 00 01 00
[1767929420] → SEND (21 bytes): 50 00 00 FF FF 03 00 0A 00 00 00 01 04 00 00 A8 78 00 00 01 00
[1767929421] → SEND (21 bytes): 50 00 00 FF FF 03 00 0A 00 00 00 01 04 00 00 A8 78 00 00 01 00
[1767929421] → SEND (21 bytes): 50 00 00 FF FF 03 00 0A 00 00 00 01 04 00 00 A8 78 00 00 01 00
[1767929422] → SEND (21 bytes): 50 00 00 FF FF 03 00 0A 00 00 00 01 04 00 00 A8 78 00 00 01 00
[1767929422] → SEND (21 bytes): 50 00 00 FF FF 03 00 0A 00 00 00 01 04 00 00 A8 78 00 00 01 00
[1767929423] → SEND (21 bytes): 50 00 00 FF FF 03 00 0A 00 00 00 01 04 00 00 A8 78 00 00 01 00
[1767929423] → SEND (21 bytes): 50 00 00 FF FF 03 00 0A 00 00 00 01 04 00 00 A8 78 00 00 01 00
[1767929424] → SEND (21 bytes): 50 00 00 FF FF 03 00 0A 00 00 00 01 04 00 00 A8 78 00 00 01 00
[1767929424] → SEND (21 bytes): 50 00 00 FF FF 03 00 0A 00 00 00 01 04 00 00 A8 78 00 00 01 00
[1767929425] → SEND (21 bytes): 50 00 00 FF FF 03 00 0A 00 00 00 01 04 00 00 A8 78 00 00 01 00
[1767929425] → SEND (21 bytes): 50 00 00 FF FF 03 00 0A 00 00 00 01 04 00 00 A8 78 00 00 01 00
[1767929426] → SEND (21 bytes): 50 00 00 FF FF 03 00 0A 00 00 00 01 04 00 00 A8 78 00 00 01 00
[1767929426] → SEND (21 bytes): 50 00 00 FF FF 03 00 0A 00 00 00 01 04 00 00 A8 78 00 00 01 00
[1767929427] → SEND (21 bytes): 50 00 00 FF FF 03 00 0A 00 00 00 01 04 00 00 A8 78 00 00 01 00
[1767929428] → SEND (21 bytes): 50 00 00 FF FF 03 00 0A 00 00 00 01 04 00 00 A8 78 00 00 01 00
[1767929428] → SEND (21 bytes): 50 00 00 FF FF 03 00 0A 00 00 00 01 04 00 00 A8 78 00 00 01 00
[1767929429] → SEND (21 bytes): 50 00 00 FF FF 03 00 0A 00 00 00 01 04 00 00 A8 78 00 00 01 00
[1767929429] → SEND (21 bytes): 50 00 00 FF FF 03 00 0A 00 00 00 01 04 00 00 A8 78 00 00 01 00
[1767929430] → SEND (21 bytes): 50 00 00 FF FF 03 00 0A 00 00 00 01 04 00 00 A8 78 00 00 01 00
[1767929430] → SEND (21 bytes): 50 00 00 FF FF 03 00 0A 00 00 00 01 04 00 00 A8 78 00 00 01 00
[1767929431] → SEND (21 bytes): 50 00 00 FF FF 03 00 0A 00 00 00 01 04 00 00 A8 78 00 00 01 00
[1767929431] → SEND (21 bytes): 50 00 00 FF FF 03 00 0A 00 00 00 01 04 00 00 A8 78 00 00 01 00
[1767929432] → SEND (21 bytes): 50 00 00 FF FF 03 00 0A 00 00 00 01 04 00 00 A8 78 00 00 01 00
[1767929432] → SEND (21 bytes): 50 00 00 FF FF 03 00 0A 00 00 00 01 04 00 00 A8 78 00 00 01 00
[1767929433] → SEND (21 bytes): 50 00 00 FF FF 03 00 0A 00 00 00 01 04 00 00 A8 78 00 00 01 00
[1767929433] → SEND (21 bytes): 50 00 00 FF FF 03 00 0A 00 00 00 01 04 00 00 A8 78 00 00 01 00
[1767929434] → SEND (21 bytes): 50 00 00 FF FF 03 00 0A 00 00 00 01 04 00 00 A8 78 00 00 01 00
[1767929434] → SEND (21 bytes): 50 00 00 FF FF 03 00 0A 00 00 00 01 04 00 00 A8 78 00 00 01 00
[1767929435] → SEND (21 bytes): 50 00 00 FF FF 03 00 0A 00 00 00 01 04 00 00 A8 78 00 00 01 00
[1767929436] → SEND (21 bytes): 50 00 00 FF FF 03 00 0A 00 00 00 01 04 00 00 A8 78 00 00 01 00
[1767929436] → SEND (21 bytes): 50 00 00 FF FF 03 00 0A 00 00 00 01 04 00 00 A8 78 00 00 01 00
[1767929437] → SEND (21 bytes): 50 00 00 FF FF 03 00 0A 00 00 00 01 04 00 00 A8 78 00 00 01 00
[1767929437] → SEND (21 bytes): 50 00 00 FF FF 03 00 0A 00 00 00 01 04 00 00 A8 78 00 00 01 00
[1767929438] → SEND (21 bytes): 50 00 00 FF FF 03 00 0A 00 00 00 01 04 00 00 A8 78 00 00 01 00
[1767929438] → SEND (21 bytes): 50 00 00 FF FF 03 00 0A 00 00 00 01 04 00 00 A8 78 00 00 01 00
[1767929439] → SEND (21 bytes): 50 00 00 FF FF 03 00 0A 00 00 00 01 04 00 00 A8 78 00 00 01 00
[1767929439] → SEND (21 bytes): 50 00 00 FF FF 03 00 0A 00 00 00 01 04 00 00 A8 78 00 00 01 00
[1767929440] → SEND (21 bytes): 50 00 00 FF FF 03 00 0A 00 00 00 01 04 00 00 A8 78 00 00 01 00
[1767929440] → SEND (21 bytes): 50 00 00 FF FF 03 00 0A 00 00 00 01 04 00 00 A8 78 00 00 01 00
[1767929441] → SEND (21 bytes): 50 00 00 FF FF 03 00 0A 00 00 00 01 04 00 00 A8 78 00 00 01 00
[1767929441] → SEND (21 bytes): 50 00 00 FF FF 03 00 0A 00 00 00 01 04 00 00 A8 78 00 00 01 00
[1767929442] → SEND (21 bytes): 50 00 00 FF FF 03 00 0A 00 00 00 01 04 00 00 A8 78 00 00 01 00
[1767929443] → SEND (21 bytes): 50 00 00 FF FF 03 00 0A 00 00 00 01 04 00 00 A8 78 00 00 01 00
[1767929443] → SEND (21 bytes): 50 00 00 FF FF 03 00 0A 00 00 00 01 04 00 00 A8 78 00 00 01 00
[1767929444] → SEND (21 bytes): 50 00 00 FF FF 03 00 0A 00 00 00 01 04 00 00 A8 78 00 00 01 00
[1767929444] → SEND (21 bytes): 50 00 00 FF FF 03 00 0A 00 00 00 01 04 00 00 A8 78 00 00 01 00
[1767929445] → SEND (21 bytes): 50 00 00 FF FF 03 00 0A 00 00 00 01 04 00 00 A8 78 00 00 01 00
[1767929445] → SEND (21 bytes): 50 00 00 FF FF 03 00 0A 00 00 00 01 04 00 00 A8 78 00 00 01 00
[1767929446] → SEND (21 bytes): 50 00 00 FF FF 03 00 0A 00 00 00 01 04 00 00 A8 78 00 00 01 00
[1767929446] → SEND (21 bytes): 50 00 00 FF FF 03 00 0A 00 00 00 01 04 00 00 A8 78 00 00 01 00
[1767929447] → SEND (21 bytes): 50 00 00 FF FF 03 00 0A 00 00 00 01 04 00 00 A8 78 00 00 01 00
[1767929447] → SEND (21 bytes): 50 00 00 FF FF 03 00 0A 00 00 00 01 04 00 00 A8 78 00 00 01 00
[1767929448] → SEND (21 bytes): 50 00 00 FF FF 03 00 0A 00 00 00 01 04 00 00 A8 78 00 00 01 00
[1767929448] → SEND (21 bytes): 50 00 00 FF FF 03 00 0A 00 00 00 01 04 00 00 A8 78 00 00 01 00
[1767929449] → SEND (21 bytes): 50 00 00 FF FF 03 00 0A 00 00 00 01 04 00 00 A8 78 00 00 01 00
[1767929450] → SEND (21 bytes): 50 00 00 FF FF 03 00 0A 00 00 00 01 04 00 00 A8 78 00 00 01 00
[1767929450] → SEND (21 bytes): 50 00 00 FF FF 03 00 0A 00 00 00 01 04 00 00 A8 78 00 00 01 00
[1767929451] → SEND (21 bytes): 50 00 00 FF FF 03 00 0A 00 00 00 01 04 00 00 A8 78 00 00 01 00
[1767929451] → SEND (21 bytes): 50 00 00 FF FF 03 00 0A 00 00 00 01 04 00 00 A8 78 00 00 01 00
[1767929452] → SEND (21 bytes): 50 00 00 FF FF 03 00 0A 00 00 00 01 04 00 00 A8 78 00 00 01 00
[1767929452] → SEND (21 bytes): 50 00 00 FF FF 03 00 0A 00 00 00 01 04 00 00 A8 78 00 00 01 00
[1767929453] → SEND (21 bytes): 50 00 00 FF FF 03 00 0A 00 00 00 01 04 00 00 A8 78 00 00 01 00
[1767929453] → SEND (21 bytes): 50 00 00 FF FF 03 00 0A 00 00 00 01 04 00 00 A8 78 00 00 01 00
[1767929454] → SEND (21 bytes): 50 00 00 FF FF 03 00 0A 00 00 00 01 04 00 00 A8 78 00 00 01 00
[1767929454] → SEND (21 bytes): 50 00 00 FF FF 03 00 0A 00 00 00 01 04 00 00 A8 78 00 00 01 00
[1767929455] → SEND (21 bytes): 50 00 00 FF FF 03 00 0A 00 00 00 01 04 00 00 A8 78 00 00 01 00
[1767929455] → SEND (21 bytes): 50 00 00 FF FF 03 00 0A 00 00 00 01 04 00 00 A8 78 00 00 01 00
[1767929456] → SEND (21 bytes): 50 00 00 FF FF 03 00 0A 00 00 00 01 04 00 00 A8 78 00 00 01 00
[1767929457] → SEND (21 bytes): 50 00 00 FF FF 03 00 0A 00 00 00 01 04 00 00 A8 78 00 00 01 00
[1767929457] → SEND (21 bytes): 50 00 00 FF FF 03 00 0A 00 00 00 01 04 00 00 A8 78 00 00 01 00
[1767929458] → SEND (21 bytes): 50 00 00 FF FF 03 00 0A 00 00 00 01 04 00 00 A8 78 00 00 01 00
[1767929458] → SEND (21 bytes): 50 00 00 FF FF 03 00 0A 00 00 00 01 04 00 00 A8 78 00 00 01 00
[1767929459] → SEND (21 bytes): 50 00 00 FF FF 03 00 0A 00 00 00 01 04 00 00 A8 78 00 00 01 00
[1767929459] → SEND (21 bytes): 50 00 00 FF FF 03 00 0A 00 00 00 01 04 00 00 A8 78 00 00 01 00
[1767929460] → SEND (21 bytes): 50 00 00 FF FF 03 00 0A 00 00 00 01 04 00 00 A8 78 00 00 01 00
[1767929460] → SEND (21 bytes): 50 00 00 FF FF 03 00 0A 00 00 00 01 04 00 00 A8 78 00 00 01 00
[1767929461] → SEND (21 bytes): 50 00 00 FF FF 03 00 0A 00 00 00 01 04 00 00 A8 78 00 00 01 00
[1767929461] → SEND (21 bytes): 50 00 00 FF FF 03 00 0A 00 00 00 01 04 00 00 A8 78 00 00 01 00
[1767929462] → SEND (21 bytes): 50 00 00 FF FF 03 00 0A 00 00 00 01 04 00 00 A8 78 00 00 01 00
[1767929462] → SEND (21 bytes): 50 00 00 FF FF 03 00 0A 00 00 00 01 04 00 00 A8 78 00 00 01 00
[1767929463] → SEND (21 bytes): 50 00 00 FF FF 03 00 0A 00 00 00 01 04 00 00 A8 78 00 00 01 00
[1767929464] → SEND (21 bytes): 50 00 00 FF FF 03 00 0A 00 00 00 01 04 00 00 A8 78 00 00 01 00
[1767929464] → SEND (21 bytes): 50 00 00 FF FF 03 00 0A 00 00 00 01 04 00 00 A8 78 00 00 01 00
[1767929465] → SEND (21 bytes): 50 00 00 FF FF 03 00 0A 00 00 00 01 04 00 00 A8 78 00 00 01 00
[1767929465] → SEND (21 bytes): 50 00 00 FF FF 03 00 0A 00 00 00 01 04 00 00 A8 78 00 00 01 00
[1767929466] → SEND (21 bytes): 50 00 00 FF FF 03 00 0A 00 00 00 01 04 00 00 A8 78 00 00 01 00
[1767929466] → SEND (21 bytes): 50 00 00 FF FF 03 00 0A 00 00 00 01 04 00 00 A8 78 00 00 01 00
[1767929467] → SEND (21 bytes): 50 00 00 FF FF 03 00 0A 00 00 00 01 04 00 00 A8 78 00 00 01 00
[1767929467] → SEND (21 bytes): 50 00 00 FF FF 03 00 0A 00 00 00 01 04 00 00 A8 78 00 00 01 00
[1767929468] → SEND (21 bytes): 50 00 00 FF FF 03 00 0A 00 00 00 01 04 00 00 A8 78 00 00 01 00
[1767929468] → SEND (21 bytes): 50 00 00 FF FF 03 00 0A 00 00 00 01 04 00 00 A8 78 00 00 01 00
[1767929469] → SEND (21 bytes): 50 00 00 FF FF 03 00 0A 00 00 00 01 04 00 00 A8 78 00 00 01 00
[1767929469] → SEND (21 bytes): 50 00 00 FF FF 03 00 0A 00 00 00 01 04 00 00 A8 78 00 00 01 00
[1767929470] → SEND (21 bytes): 50 00 00 FF FF 03 00 0A 00 00 00 01 04 00 00 A8 78 00 00 01 00
[1767929470] → SEND (21 bytes): 50 00 00 FF FF 03 00 0A 00 00 00 01 04 00 00 A8 78 00 00 01 00
[1767929471] → SEND (21 bytes): 50 00 00 FF FF 03 00 0A 00 00 00 01 04 00 00 A8 78 00 00 01 00
[1767929472] → SEND (21 bytes): 50 00 00 FF FF 03 00 0A 00 00 00 01 04 00 00 A8 78 00 00 01 00
[1767929472] → SEND (21 bytes): 50 00 00 FF FF 03 00 0A 00 00 00 01 04 00 00 A8 78 00 00 01 00
[1767929473] → SEND (21 bytes): 50 00 00 FF FF 03 00 0A 00 00 00 01 04 00 00 A8 78 00 00 01 00
[1767929473] → SEND (21 bytes): 50 00 00 FF FF 03 00 0A 00 00 00 01 04 00 00 A8 78 00 00 01 00
[1767929474] → SEND (21 bytes): 50 00 00 FF FF 03 00 0A 00 00 00 01 04 00 00 A8 78 00 00 01 00
[1767929474] → SEND (21 bytes): 50 00 00 FF FF 03 00 0A 00 00 00 01 04 00 00 A8 78 00 00 01 00
[1767929475] → SEND (21 bytes): 50 00 00 FF FF 03 00 0A 00 00 00 01 04 00 00 A8 78 00 00 01 00
[1767929475] → SEND (21 bytes): 50 00 00 FF FF 03 00 0A 00 00 00 01 04 00 00 A8 78 00 00 01 00
[1767929476] → SEND (21 bytes): 50 00 00 FF FF 03 00 0A 00 00 00 01 04 00 00 A8 78 00 00 01 00
[1767929476] → SEND (21 bytes): 50 00 00 FF FF 03 00 0A 00 00 00 01 04 00 00 A8 78 00 00 01 00
[1767929477] → SEND (21 bytes): 50 00 00 FF FF 03 00 0A 00 00 00 01 04 00 00 A8 78 00 00 01 00
[1767929477] → SEND (21 bytes): 50 00 00 FF FF 03 00 0A 00 00 00 01 04 00 00 A8 78 00 00 01 00
[1767929478] → SEND (21 bytes): 50 00 00 FF FF 03 00 0A 00 00 00 01 04 00 00 A8 78 00 00 01 00
[1767929478] → SEND (21 bytes): 50 00 00 FF FF 03 00 0A 00 00 00 01 04 00 00 A8 78 00 00 01 00
[1767929479] → SEND (21 bytes): 50 00 00 FF FF 03 00 0A 00 00 00 01 04 00 00 A8 78 00 00 01 00
[1767929480] → SEND (21 bytes): 50 00 00 FF FF 03 00 0A 00 00 00 01 04 00 00 A8 78 00 00 01 00
[1767929480] → SEND (21 bytes): 50 00 00 FF FF 03 00 0A 00 00 00 01 04 00 00 A8 78 00 00 01 00
[1767929481] → SEND (21 bytes): 50 00 00 FF FF 03 00 0A 00 00 00 01 04 00 00 A8 78 00 00 01 00
[1767929481] → SEND (21 bytes): 50 00 00 FF FF 03 00 0A 00 00 00 01 04 00 00 A8 78 00 00 01 00
[1767929482] → SEND (21 bytes): 50 00 00 FF FF 03 00 0A 00 00 00 01 04 00 00 A8 78 00 00 01 00
[1767929482] → SEND (21 bytes): 50 00 00 FF FF 03 00 0A 00 00 00 01 04 00 00 A8 78 00 00 01 00
[1767929483] → SEND (21 bytes): 50 00 00 FF FF 03 00 0A 00 00 00 01 04 00 00 A8 78 00 00 01 00
[1767929483] → SEND (21 bytes): 50 00 00 FF FF 03 00 0A 00 00 00 01 04 00 00 A8 78 00 00 01 00
[1767929484] → SEND (21 bytes): 50 00 00 FF FF 03 00 0A 00 00 00 01 04 00 00 A8 78 00 00 01 00
[1767929484] → SEND (21 bytes): 50 00 00 FF FF 03 00 0A 00 00 00 01 04 00 00 A8 78 00 00 01 00
[1767929485] → SEND (21 bytes): 50 00 00 FF FF 03 00 0A 00 00 00 01 04 00 00 A8 78 00 00 01 00
[1767929485] → SEND (21 bytes): 50 00 00 FF FF 03 00 0A 00 00 00 01 04 00 00 A8 78 00 00 01 00
[1767929486] → SEND (21 bytes): 50 00 00 FF FF 03 00 0A 00 00 00 01 04 00 00 A8 78 00 00 01 00
[1767929487] → SEND (21 bytes): 50 00 00 FF FF 03 00 0A 00 00 00 01 04 00 00 A8 78 00 00 01 00
[1767929487] → SEND (21 bytes): 50 00 00 FF FF 03 00 0A 00 00 00 01 04 00 00 A8 78 00 00 01 00
[1767929488] → SEND (21 bytes): 50 00 00 FF FF 03 00 0A 00 00 00 01 04 00 00 A8 78 00 00 01 00
[1767929488] → SEND (21 bytes): 50 00 00 FF FF 03 00 0A 00 00 00 01 04 00 00 A8 78 00 00 01 00
[1767929489] → SEND (21 bytes): 50 00 00 FF FF 03 00 0A 00 00 00 01 04 00 00 A8 78 00 00 01 00
[1767929489] → SEND (21 bytes): 50 00 00 FF FF 03 00 0A 00 00 00 01 04 00 00 A8 78 00 00 01 00
[1767929490] → SEND (21 bytes): 50 00 00 FF FF 03 00 0A 00 00 00 01 04 00 00 A8 78 00 00 01 00
[1767929490] → SEND (21 bytes): 50 00 00 FF FF 03 00 0A 00 00 00 01 04 00 00 A8 78 00 00 01 00
[1767929491] → SEND (21 bytes): 50 00 00 FF FF 03 00 0A 00 00 00 01 04 00 00 A8 78 00 00 01 00
[1767929491] → SEND (21 bytes): 50 00 00 FF FF 03 00 0A 00 00 00 01 04 00 00 A8 78 00 00 01 00
[1767929492] → SEND (21 bytes): 50 00 00 FF FF 03 00 0A 00 00 00 01 04 00 00 A8 78 00 00 01 00
[1767929492] → SEND (21 bytes): 50 00 00 FF FF 03 00 0A 00 00 00 01 04 00 00 A8 78 00 00 01 00
[1767929493] → SEND (21 bytes): 50 00 00 FF FF 03 00 0A 00 00 00 01 04 00 00 A8 78 00 00 01 00
[1767929494] → SEND (21 bytes): 50 00 00 FF FF 03 00 0A 00 00 00 01 04 00 00 A8 78 00 00 01 00
[1767929494] → SEND (21 bytes): 50 00 00 FF FF 03 00 0A 00 00 00 01 04 00 00 A8 78 00 00 01 00
[1767929495] → SEND (21 bytes): 50 00 00 FF FF 03 00 0A 00 00 00 01 04 00 00 A8 78 00 00 01 00
[1767929495] → SEND (21 bytes): 50 00 00 FF FF 03 00 0A 00 00 00 01 04 00 00 A8 78 00 00 01 00
[1767929496] → SEND (21 bytes): 50 00 00 FF FF 03 00 0A 00 00 00 01 04 00 00 A8 78 00 00 01 00
[1767929496] → SEND (21 bytes): 50 00 00 FF FF 03 00 0A 00 00 00 01 04 00 00 A8 78 00 00 01 00
[1767929497] → SEND (21 bytes): 50 00 00 FF FF 03 00 0A 00 00 00 01 04 00 00 A8 78 00 00 01 00
[1767929497] → SEND (21 bytes): 50 00 00 FF FF 03 00 0A 00 00 00 01 04 00 00 A8 78 00 00 01 00
[1767929498] → SEND (21 bytes): 50 00 00 FF FF 03 00 0A 00 00 00 01 04 00 00 A8 78 00 00 01 00
[1767929498] → SEND (21 bytes): 50 00 00 FF FF 03 00 0A 00 00 00 01 04 00 00 A8 78 00 00 01 00
[1767929499] → SEND (21 bytes): 50 00 00 FF FF 03 00 0A 00 00 00 01 04 00 00 A8 78 00 00 01 00
[1767929499] → SEND (21 bytes): 50 00 00 FF FF 03 00 0A 00 00 00 01 04 00 00 A8 78 00 00 01 00
[1767929500] → SEND (21 bytes): 50 00 00 FF FF 03 00 0A 00 00 00 01 04 00 00 A8 78 00 00 01 00
[1767929500] → SEND (21 bytes): 50 00 00 FF FF 03 00 0A 00 00 00 01 04 00 00 A8 78 00 00 01 00
[1767929501] → SEND (21 bytes): 50 00 00 FF FF 03 00 0A 00 00 00 01 04 00 00 A8 78 00 00 01 00
[1767929502] → SEND (21 bytes): 50 00 00 FF FF 03 00 0A 00 00 00 01 04 00 00 A8 78 00 00 01 00
[1767929502] → SEND (21 bytes): 50 00 00 FF FF 03 00 0A 00 00 00 01 04 00 00 A8 78 00 00 01 00
[1767929503] → SEND (21 bytes): 50 00 00 FF FF 03 00 0A 00 00 00 01 04 00 00 A8 78 00 00 01 00
[1767929503] → SEND (21 bytes): 50 00 00 FF FF 03 00 0A 00 00 00 01 04 00 00 A8 78 00 00 01 00
[1767929504] → SEND (21 bytes): 50 00 00 FF FF 03 00 0A 00 00 00 01 04 00 00 A8 78 00 00 01 00
[1767929504] → SEND (21 bytes): 50 00 00 FF FF 03 00 0A 00 00 00 01 04 00 00 A8 78 00 00 01 00
[1767929505] → SEND (21 bytes): 50 00 00 FF FF 03 00 0A 00 00 00 01 04 00 00 A8 78 00 00 01 00
[1767929505] → SEND (21 bytes): 50 00 00 FF FF 03 00 0A 00 00 00 01 04 00 00 A8 78 00 00 01 00
[1767929506] → SEND (21 bytes): 50 00 00 FF FF 03 00 0A 00 00 00 01 04 00 00 A8 78 00 00 01 00
[1767929506] → SEND (21 bytes): 50 00 00 FF FF 03 00 0A 00 00 00 01 04 00 00 A8 78 00 00 01 00
[1767929507] → SEND (21 bytes): 50 00 00 FF FF 03 00 0A 00 00 00 01 04 00 00 A8 78 00 00 01 00
[1767929507] → SEND (21 bytes): 50 00 00 FF FF 03 00 0A 00 00 00 01 04 00 00 A8 78 00 00 01 00
[1767929508] → SEND (21 bytes): 50 00 00 FF FF 03 00 0A 00 00 00 01 04 00 00 A8 78 00 00 01 00
[1767929508] → SEND (21 bytes): 50 00 00 FF FF 03 00 0A 00 00 00 01 04 00 00 A8 78 00 00 01 00
[1767929509] → SEND (21 bytes): 50 00 00 FF FF 03 00 0A 00 00 00 01 04 00 00 A8 78 00 00 01 00
[1767929510] → SEND (21 bytes): 50 00 00 FF FF 03 00 0A 00 00 00 01 04 00 00 A8 78 00 00 01 00
[1767929510] → SEND (21 bytes): 50 00 00 FF FF 03 00 0A 00 00 00 01 04 00 00 A8 78 00 00 01 00
[1767929511] → SEND (21 bytes): 50 00 00 FF FF 03 00 0A 00 00 00 01 04 00 00 A8 78 00 00 01 00
[1767929511] → SEND (21 bytes): 50 00 00 FF FF 03 00 0A 00 00 00 01 04 00 00 A8 78 00 00 01 00
[1767929512] → SEND (21 bytes): 50 00 00 FF FF 03 00 0A 00 00 00 01 04 00 00 A8 78 00 00 01 00
[1767929512] → SEND (21 bytes): 50 00 00 FF FF 03 00 0A 00 00 00 01 04 00 00 A8 78 00 00 01 00
[1767929513] → SEND (21 bytes): 50 00 00 FF FF 03 00 0A 00 00 00 01 04 00 00 A8 78 00 00 01 00
[1767929513] → SEND (21 bytes): 50 00 00 FF FF 03 00 0A 00 00 00 01 04 00 00 A8 78 00 00 01 00
[1767929514] → SEND (21 bytes): 50 00 00 FF FF 03 00 0A 00 00 00 01 04 00 00 A8 78 00 00 01 00
[1767929514] → SEND (21 bytes): 50 00 00 FF FF 03 00 0A 00 00 00 01 04 00 00 A8 78 00 00 01 00
[1767929515] → SEND (21 bytes): 50 00 00 FF FF 03 00 0A 00 00 00 01 04 00 00 A8 78 00 00 01 00
[1767929515] → SEND (21 bytes): 50 00 00 FF FF 03 00 0A 00 00 00 01 04 00 00 A8 78 00 00 01 00
[1767929516] → SEND (21 bytes): 50 00 00 FF FF 03 00 0A 00 00 00 01 04 00 00 A8 78 00 00 01 00
[1767929517] → SEND (21 bytes): 50 00 00 FF FF 03 00 0A 00 00 00 01 04 00 00 A8 78 00 00 01 00
[1767929517] → SEND (21 bytes): 50 00 00 FF FF 03 00 0A 00 00 00 01 04 00 00 A8 78 00 00 01 00
[1767929518] → SEND (21 bytes): 50 00 00 FF FF 03 00 0A 00 00 00 01 04 00 00 A8 78 00 00 01 00
[1767929518] → SEND (21 bytes): 50 00 00 FF FF 03 00 0A 00 00 00 01 04 00 00 A8 78 00 00 01 00
[1767929519] → SEND (21 bytes): 50 00 00 FF FF 03 00 0A 00 00 00 01 04 00 00 A8 78 00 00 01 00
[1767929519] → SEND (21 bytes): 50 00 00 FF FF 03 00 0A 00 00 00 01 04 00 00 A8 78 00 00 01 00
[1767929520] → SEND (21 bytes): 50 00 00 FF FF 03 00 0A 00 00 00 01 04 00 00 A8 78 00 00 01 00
[1767929520] → SEND (21 bytes): 50 00 00 FF FF 03 00 0A 00 00 00 01 04 00 00 A8 78 00 00 01 00
[1767929521] → SEND (21 bytes): 50 00 00 FF FF 03 00 0A 00 00 00 01 04 00 00 A8 78 00 00 01 00
[1767929521] → SEND (21 bytes): 50 00 00 FF FF 03 00 0A 00 00 00 01 04 00 00 A8 78 00 00 01 00
[1767929522] → SEND (21 bytes): 50 00 00 FF FF 03 00 0A 00 00 00 01 04 00 00 A8 78 00 00 01 00
[1767929522] → SEND (21 bytes): 50 00 00 FF FF 03 00 0A 00 00 00 01 04 00 00 A8 78 00 00 01 00
[1767929523] → SEND (21 bytes): 50 00 00 FF FF 03 00 0A 00 00 00 01 04 00 00 A8 78 00 00 01 00
[1767929523] → SEND (21 bytes): 50 00 00 FF FF 03 00 0A 00 00 00 01 04 00 00 A8 78 00 00 01 00
[1767929524] → SEND (21 bytes): 50 00 00 FF FF 03 00 0A 00 00 00 01 04 00 00 A8 78 00 00 01 00
[1767929525] → SEND (21 bytes): 50 00 00 FF FF 03 00 0A 00 00 00 01 04 00 00 A8 78 00 00 01 00
[1767929525] → SEND (21 bytes): 50 00 00 FF FF 03 00 0A 00 00 00 01 04 00 00 A8 78 00 00 01 00
[1767929526] → SEND (21 bytes): 50 00 00 FF FF 03 00 0A 00 00 00 01 04 00 00 A8 78 00 00 01 00
[1767929526] → SEND (21 bytes): 50 00 00 FF FF 03 00 0A 00 00 00 01 04 00 00 A8 78 00 00 01 00
[1767929527] → SEND (21 bytes): 50 00 00 FF FF 03 00 0A 00 00 00 01 04 00 00 A8 78 00 00 01 00
[1767929527] → SEND (21 bytes): 50 00 00 FF FF 03 00 0A 00 00 00 01 04 00 00 A8 78 00 00 01 00
[1767929528] → SEND (21 bytes): 50 00 00 FF FF 03 00 0A 00 00 00 01 04 00 00 A8 78 00 00 01 00
[1767929528] → SEND (21 bytes): 50 00 00 FF FF 03 00 0A 00 00 00 01 04 00 00 A8 78 00 00 01 00
[1767929529] → SEND (21 bytes): 50 00 00 FF FF 03 00 0A 00 00 00 01 04 00 00 A8 78 00 00 01 00
[1767929529] → SEND (21 bytes): 50 00 00 FF FF 03 00 0A 00 00 00 01 04 00 00 A8 78 00 00 01 00
[1767929530] → SEND (21 bytes): 50 00 00 FF FF 03 00 0A 00 00 00 01 04 00 00 A8 78 00 00 01 00
[1767929530] → SEND (21 bytes): 50 00 00 FF FF 03 00 0A 00 00 00 01 04 00 00 A8 78 00 00 01 00
[1767929531] → SEND (21 bytes): 50 00 00 FF FF 03 00 0A 00 00 00 01 04 00 00 A8 78 00 00 01 00
[1767929531] → SEND (21 bytes): 50 00 00 FF FF 03 00 0A 00 00 00 01 04 00 00 A8 78 00 00 01 00
